-- phpMyAdmin SQL Dump
-- version 4.2.9deb1
-- http://www.phpmyadmin.net
--
-- Client :  localhost
-- Généré le :  Mer 22 Octobre 2014 à 16:21
-- Version du serveur :  5.5.39-1
-- Version de PHP :  5.6.0-1+b1

SET SQL_MODE = "NO_AUTO_VALUE_ON_ZERO";
SET time_zone = "+00:00";


/*!40101 SET @OLD_CHARACTER_SET_CLIENT=@@CHARACTER_SET_CLIENT */;
/*!40101 SET @OLD_CHARACTER_SET_RESULTS=@@CHARACTER_SET_RESULTS */;
/*!40101 SET @OLD_COLLATION_CONNECTION=@@COLLATION_CONNECTION */;
/*!40101 SET NAMES utf8 */;

--
-- Base de données :  `symfony`
--

-- --------------------------------------------------------

--
-- Structure de la table `Genre`
--

CREATE TABLE IF NOT EXISTS `Genre` (
`id` int(11) NOT NULL,
  `name` varchar(255) COLLATE utf8_unicode_ci NOT NULL,
  `id_meta` int(11) DEFAULT NULL,
  `tempo_min` int(11) NOT NULL,
  `tempo_max` int(11) DEFAULT NULL,
  `electronic_ratio` int(11) DEFAULT NULL,
  `acoustic_ratio` int(11) DEFAULT NULL,
  `electric_ratio` int(11) DEFAULT NULL,
  `year_min` int(11) DEFAULT NULL,
  `year_max` int(11) DEFAULT NULL
) ENGINE=InnoDB AUTO_INCREMENT=732 DEFAULT CHARSET=utf8 COLLATE=utf8_unicode_ci;

--
-- Contenu de la table `Genre`
--

INSERT INTO `Genre` (`id`, `name`, `id_meta`, `tempo_min`, `tempo_max`, `electronic_ratio`, `acoustic_ratio`, `electric_ratio`, `year_min`, `year_max`) VALUES
(2, 'Bitpop', 0, 0, 0, 0, 0, 0, 2000, 0),
(3, 'Casiocore', 0, 0, 0, 0, 0, 0, 90, 0),
(4, 'Chiptune', 0, 0, 0, 0, 0, 0, 2000, 0),
(5, 'Cosmic', 0, 0, 0, 0, 0, 0, 2000, 0),
(6, 'Game Boy Music', 0, 0, 0, 0, 0, 0, 90, 0),
(7, 'Nintendocore', 0, 0, 0, 0, 0, 0, 2000, 0),
(8, 'Picopop', 0, 0, 0, 0, 0, 0, 2000, 0),
(9, 'Video Game Music', 0, 0, 0, 0, 0, 0, 80, 0),
(10, 'Ambient', 0, 0, 0, 0, 0, 0, 70, 0),
(11, 'Ambient Breaks', 0, 0, 0, 0, 0, 0, 90, 0),
(12, 'Ambient Dub', 0, 0, 0, 0, 0, 0, 90, 0),
(13, 'Ambient House', 0, 0, 0, 0, 0, 0, 80, 0),
(14, 'Ambient minimaliste', 0, 0, 0, 0, 0, 0, 0, 0),
(15, 'Ambient Rock', 0, 0, 0, 0, 0, 0, 0, 0),
(16, 'Ambient Techno', 0, 0, 0, 0, 0, 0, 90, 0),
(17, 'Ambient Trance', 0, 0, 0, 0, 0, 0, 90, 0),
(18, 'Chillout', 0, 0, 0, 0, 0, 0, 90, 0),
(19, 'Dark Ambient', 0, 0, 0, 0, 0, 0, 80, 0),
(20, 'Downtempo', 0, 0, 0, 0, 0, 0, 80, 0),
(21, 'Dream Pop', 0, 0, 0, 0, 0, 0, 80, 0),
(22, 'Etheral wave', 0, 0, 0, 0, 0, 0, 80, 0),
(23, 'Heavenly Voice', 0, 0, 0, 0, 0, 0, 80, 0),
(24, 'Illbient', 0, 0, 0, 0, 0, 0, 2000, 0),
(25, 'Isolationism ambient music', 0, 0, 0, 0, 0, 0, 90, 0),
(26, 'Lowercase', 0, 0, 0, 0, 0, 0, 2000, 0),
(27, 'Musique New Age', 0, 0, 0, 0, 0, 0, 80, 0),
(28, 'Musique planante', 0, 0, 0, 0, 0, 0, 70, 0),
(29, 'Muzak', 0, 0, 0, 0, 0, 0, 20, 0),
(30, 'Organic Ambient', 0, 0, 0, 0, 0, 0, 70, 0),
(31, 'Psybient', 0, 0, 0, 0, 0, 0, 90, 0),
(32, 'Tribal Ambient', 0, 0, 0, 0, 0, 0, 90, 0),
(33, 'Trip Hop', 0, 0, 0, 0, 0, 0, 90, 0),
(34, 'Word Beat', 0, 0, 0, 0, 0, 0, 90, 0),
(35, 'Acid blues', 0, 0, 0, 0, 0, 0, 2000, 0),
(36, 'Beach Music', 0, 0, 0, 0, 0, 0, 40, 0),
(37, 'Blues Féminin', 0, 0, 0, 0, 0, 0, 20, 0),
(38, 'Blues Français', 0, 0, 0, 0, 0, 0, 70, 0),
(39, 'Blues traditionnel', 0, 0, 0, 0, 0, 0, 19, 0),
(40, 'Boogie-Woogie', 0, 0, 0, 0, 0, 0, 1870, 0),
(41, 'British Blues Boom', 0, 0, 0, 0, 0, 0, 60, 0),
(42, 'Chicago Blues', 0, 0, 0, 0, 0, 0, 30, 0),
(43, 'Country Blues', 0, 0, 0, 0, 0, 0, 19, 0),
(44, 'Delta Blues', 0, 0, 0, 0, 0, 0, 20, 0),
(45, 'Detroit Blues', 0, 0, 0, 0, 0, 0, 30, 0),
(46, 'Gospel Blues', 0, 0, 0, 0, 0, 0, 20, 0),
(47, 'Jump Blues', 0, 0, 0, 0, 0, 0, 30, 0),
(48, 'Kansas City Blues', 0, 0, 0, 0, 0, 0, 30, 0),
(49, 'Louisiana Blues', 0, 0, 0, 0, 0, 0, 50, 0),
(50, 'Memphis Blues', 0, 0, 0, 0, 0, 0, 20, 0),
(51, 'North Mississippi Blues', 0, 0, 0, 0, 0, 0, 0, 0),
(52, 'Piano Blues', 0, 0, 0, 0, 0, 0, 20, 0),
(53, 'Piedmont Blues', 0, 0, 0, 0, 0, 0, 20, 0),
(54, 'Power Blues', 0, 0, 0, 0, 0, 0, 60, 0),
(55, 'Rythms and Blues', 0, 0, 0, 0, 0, 0, 40, 0),
(56, 'Saint Louis Blues', 0, 0, 0, 0, 0, 0, 50, 0),
(57, 'Swamp Blues', 0, 0, 0, 0, 0, 0, 50, 0),
(58, 'Texas Blues', 0, 0, 0, 0, 0, 0, 20, 0),
(59, 'West Coast Blues', 0, 0, 0, 0, 0, 0, 40, 0),
(60, 'Acid Breaks', 0, 0, 0, 0, 0, 0, 90, 0),
(61, 'Anthem Breaks', 0, 0, 0, 0, 0, 0, 2000, 0),
(62, 'Big Beat', 0, 0, 0, 0, 0, 0, 90, 0),
(63, 'Breakbeat Hardcore', 0, 0, 0, 0, 0, 0, 90, 0),
(64, 'Breakcore', 0, 0, 0, 0, 0, 0, 90, 0),
(65, 'Chemical Breaks', 0, 0, 0, 0, 0, 0, 90, 0),
(66, 'Dark Breaks', 0, 0, 0, 0, 0, 0, 90, 0),
(67, 'Florida Breaks', 0, 0, 0, 0, 0, 0, 90, 0),
(68, 'Funky Breaks', 0, 0, 0, 0, 0, 0, 90, 0),
(69, 'Hardcore Breaks', 0, 0, 0, 0, 0, 0, 2000, 0),
(70, 'Nu Skool Breaks', 0, 0, 0, 0, 0, 0, 90, 0),
(71, 'Progressive Breaks', 0, 0, 0, 0, 0, 0, 90, 0),
(72, 'Psybreaks', 0, 0, 0, 0, 0, 0, 90, 0),
(73, 'Rave Breaks', 0, 0, 0, 0, 0, 0, 2000, 0),
(74, 'Tribal Breaks', 0, 0, 0, 0, 0, 0, 90, 0),
(75, 'Alternative country', 0, 0, 0, 0, 0, 0, 90, 0),
(76, 'Americana', 0, 0, 0, 0, 0, 0, 90, 0),
(77, 'Bakersfield sound', 0, 0, 0, 0, 0, 0, 50, 0),
(78, 'Bluegrass', 0, 0, 0, 0, 0, 0, 40, 0),
(79, 'Bluegrass neo-traditionel', 0, 0, 0, 0, 0, 0, 90, 0),
(80, 'Country', 0, 0, 0, 0, 0, 0, 20, 0),
(81, 'Country Folk', 0, 0, 0, 0, 0, 0, 60, 0),
(82, 'Country pop', 0, 0, 0, 0, 0, 0, 70, 0),
(83, 'Country Soul', 0, 0, 0, 0, 0, 0, 60, 0),
(84, 'Countrypolitan Sound', 0, 0, 0, 0, 0, 0, 60, 0),
(85, 'Cow-Boys song', 0, 0, 0, 0, 0, 0, 19, 0),
(86, 'Franco-country', 0, 0, 0, 0, 0, 0, 0, 0),
(87, 'Hillbilly Boogie', 0, 0, 0, 0, 0, 0, 40, 0),
(88, 'Honky tonk', 0, 0, 0, 0, 0, 0, 30, 0),
(89, 'Lubbock sound', 0, 0, 0, 0, 0, 0, 0, 0),
(90, 'Nashville sound', 0, 0, 0, 0, 0, 0, 50, 0),
(91, 'Neo Country', 0, 0, 0, 0, 0, 0, 80, 0),
(92, 'Newgrass', 0, 0, 0, 0, 0, 0, 60, 0),
(93, 'Outlaw country', 0, 0, 0, 0, 0, 0, 60, 0),
(94, 'Progressive Country', 0, 0, 0, 0, 0, 0, 70, 0),
(95, 'Psydeco', 0, 0, 0, 0, 0, 0, 0, 0),
(96, 'Red Dirt Music', 0, 0, 0, 0, 0, 0, 80, 0),
(97, 'Texas Country', 0, 0, 0, 0, 0, 0, 60, 0),
(98, 'The Tulsa Sound', 0, 0, 0, 0, 0, 0, 50, 0),
(99, 'Truck driving country', 0, 0, 0, 0, 0, 0, 80, 0),
(100, 'Western Swing', 0, 0, 0, 0, 0, 0, 20, 0),
(101, 'Anthem House', 0, 0, 0, 0, 0, 0, 90, 0),
(102, 'Bubblegum dance', 0, 0, 0, 0, 0, 0, 90, 0),
(103, 'Dance pop', 0, 0, 0, 0, 0, 0, 80, 0),
(104, 'Dance Pop', 0, 0, 0, 0, 0, 0, 80, 0),
(105, 'Dance-Rock', 0, 0, 0, 0, 0, 0, 80, 0),
(106, 'Disco Polo', 0, 0, 0, 0, 0, 0, 90, 0),
(107, 'Electro Dance', 0, 0, 0, 0, 0, 0, 80, 0),
(108, 'Epic House', 0, 0, 0, 0, 0, 0, 90, 0),
(109, 'Eurodance', 0, 0, 0, 0, 0, 0, 90, 0),
(110, 'Hard-NRG', 0, 0, 0, 0, 0, 0, 90, 0),
(111, 'Indie Dance', 0, 0, 0, 0, 0, 0, 90, 0),
(112, 'Italodance', 0, 0, 0, 0, 0, 0, 90, 0),
(113, 'J Euro', 0, 0, 0, 0, 0, 0, 90, 0),
(114, 'Monumental Dance', 0, 0, 0, 0, 0, 0, 2000, 0),
(115, 'Nu-NRG', 0, 0, 0, 0, 0, 0, 90, 0),
(116, 'Techno Dance', 0, 0, 0, 0, 0, 0, 80, 0),
(117, 'US-Dancefloor', 0, 0, 0, 0, 0, 0, 90, 0),
(118, 'Afro-Funky', 0, 0, 0, 0, 0, 0, 70, 0),
(119, 'Boogie', 0, 0, 0, 0, 0, 0, 80, 0),
(120, 'Disco', 0, 0, 0, 0, 0, 0, 70, 0),
(121, 'Disco-Pop', 0, 0, 0, 0, 0, 0, 2006, 0),
(122, 'Eurobeat', 0, 0, 0, 0, 0, 0, 80, 0),
(123, 'Hi-NRG', 0, 0, 0, 0, 0, 0, 80, 0),
(124, 'Italo-Disco', 0, 0, 0, 0, 0, 0, 80, 0),
(125, 'Nu-Disco', 0, 0, 0, 0, 0, 0, 2000, 0),
(126, 'Post-Disco', 0, 0, 0, 0, 0, 0, 80, 0),
(127, 'Space Disco', 0, 0, 0, 0, 0, 0, 70, 0),
(128, 'Early Synth', 0, 0, 0, 0, 0, 0, 70, 0),
(129, 'Electro', 0, 0, 0, 0, 0, 0, 70, 0),
(130, 'Electro Hop', 0, 0, 0, 0, 0, 0, 80, 0),
(131, 'Nu Electro', 0, 0, 0, 0, 0, 0, 2000, 0),
(132, 'Afrobeat', 0, 0, 0, 0, 0, 0, 60, 0),
(133, 'Baile Funk', 0, 0, 0, 0, 0, 0, 80, 0),
(134, 'Brit Funk', 0, 0, 0, 0, 0, 0, 80, 0),
(135, 'Deep Funk', 0, 0, 0, 0, 0, 0, 80, 0),
(136, 'Disco-Funk', 0, 0, 0, 0, 0, 0, 80, 0),
(137, 'Electro Funk', 0, 0, 0, 0, 0, 0, 70, 0),
(138, 'Free Funk', 0, 0, 0, 0, 0, 0, 70, 0),
(139, 'Funk', 0, 0, 0, 0, 0, 0, 60, 0),
(140, 'Funk-Soul', 0, 0, 0, 0, 0, 0, 80, 0),
(141, 'Funktronica', 0, 0, 0, 0, 0, 0, 2000, 0),
(142, 'Go-Go', 0, 0, 0, 0, 0, 0, 70, 0),
(143, 'Italo-Funk', 0, 0, 0, 0, 0, 0, 80, 0),
(144, 'Jazz-Funk', 0, 0, 0, 0, 0, 0, 70, 0),
(145, 'P-Funk', 0, 0, 0, 0, 0, 0, 70, 0),
(146, 'Skweee', 0, 0, 0, 0, 0, 0, 2000, 0),
(147, 'Bluegrass Gospel', 0, 0, 0, 0, 0, 0, 0, 0),
(148, 'Celtic Gospel', 0, 0, 0, 0, 0, 0, 0, 0),
(149, 'Gospel Hymns', 0, 0, 0, 0, 0, 0, 1900, 0),
(150, 'Gospel Songs', 0, 0, 0, 0, 0, 0, 1930, 0),
(151, 'Negro Spiritual', 0, 0, 0, 0, 0, 0, 17, 0),
(152, 'Progressive Southern Gospel', 0, 0, 0, 0, 0, 0, 80, 0),
(153, 'Southern Gospel', 0, 0, 0, 0, 0, 0, 10, 0),
(154, 'Urban/Contemporary Gospel', 0, 0, 0, 0, 0, 0, 70, 0),
(155, 'Abstract Hip-Hop', 0, 0, 0, 0, 0, 0, 90, 0),
(156, 'Atlanta Hip Hop', 0, 0, 0, 0, 0, 0, 90, 0),
(157, 'Baltimore Club', 0, 0, 0, 0, 0, 0, 90, 0),
(158, 'Bounce Music', 0, 0, 0, 0, 0, 0, 90, 0),
(159, 'Chicano Rap', 0, 0, 0, 0, 0, 0, 90, 0),
(160, 'Chopped and swrewed', 0, 0, 0, 0, 0, 0, 90, 0),
(161, 'Country Rap', 0, 0, 0, 0, 0, 0, 80, 0),
(162, 'Crunk', 0, 0, 0, 0, 0, 0, 90, 0),
(163, 'Crunk''n''b', 0, 0, 0, 0, 0, 0, 2000, 0),
(164, 'Crunkpunk', 0, 0, 0, 0, 0, 0, 2000, 0),
(165, 'Dirty South', 0, 0, 0, 0, 0, 0, 80, 0),
(166, 'Eurocrunck', 0, 0, 0, 0, 0, 0, 2000, 0),
(167, 'Gangsta Funk', 0, 0, 0, 0, 0, 0, 90, 0),
(168, 'Gangsta Rap', 0, 0, 0, 0, 0, 0, 90, 0),
(169, 'Ghetto Tech', 0, 0, 0, 0, 0, 0, 90, 0),
(170, 'Gospel Rap', 0, 0, 0, 0, 0, 0, 80, 0),
(171, 'Grime', 0, 0, 0, 0, 0, 0, 2000, 0),
(172, 'Hyphy', 0, 0, 0, 0, 0, 0, 90, 0),
(173, 'Jazz Rap', 0, 0, 0, 0, 0, 0, 90, 0),
(174, 'Latin Hip Hop', 0, 0, 0, 0, 0, 0, 90, 0),
(175, 'Miami Bass', 0, 0, 0, 0, 0, 0, 80, 0),
(176, 'Midwest Rap', 0, 0, 0, 0, 0, 0, 90, 0),
(177, 'Pop Rap', 0, 0, 0, 0, 0, 0, 90, 0),
(178, 'Progressive Hop', 0, 0, 0, 0, 0, 0, 80, 0),
(179, 'Rap Celtique', 0, 0, 0, 0, 0, 0, 90, 0),
(180, 'Rap East Coast', 0, 0, 0, 0, 0, 0, 80, 0),
(181, 'Rap Français', 0, 0, 0, 0, 0, 0, 80, 0),
(182, 'Rap Freestyle', 0, 0, 0, 0, 0, 0, 90, 0),
(183, 'Rap old school', 0, 0, 0, 0, 0, 0, 70, 0),
(184, 'Rap West Coast', 0, 0, 0, 0, 0, 0, 80, 0),
(185, 'Reggaecrunck', 0, 0, 0, 0, 0, 0, 2000, 0),
(186, 'Rio Funk', 0, 0, 0, 0, 0, 0, 90, 0),
(187, 'Slam', 0, 0, 0, 0, 0, 0, 90, 0),
(188, 'Snap Music', 0, 0, 0, 0, 0, 0, 2000, 0),
(189, 'Southwest Hip Hop', 0, 0, 0, 0, 0, 0, 90, 0),
(190, 'Spoken word', 0, 0, 0, 0, 0, 0, 80, 0),
(191, 'Tuntablism', 0, 0, 0, 0, 0, 0, 80, 0),
(192, '2-Step Garage', 0, 0, 0, 0, 0, 0, 90, 0),
(193, 'Acid House', 0, 0, 0, 0, 0, 0, 80, 0),
(194, 'Bassline House', 0, 0, 0, 0, 0, 0, 2000, 0),
(195, 'Brit House', 0, 0, 0, 0, 0, 0, 90, 0),
(196, 'Dark house', 0, 0, 0, 0, 0, 0, 90, 0),
(197, 'Club House', 0, 0, 0, 0, 0, 0, 0, 0),
(198, 'Deep House', 0, 0, 0, 0, 0, 0, 90, 0),
(199, 'Disco House', 0, 0, 0, 0, 0, 0, 90, 0),
(200, 'Diva House', 0, 0, 0, 0, 0, 0, 90, 0),
(201, 'Electro House', 0, 0, 0, 0, 0, 0, 2000, 0),
(202, 'Electronica', 0, 0, 0, 0, 0, 0, 90, 0),
(203, 'Fidget House', 0, 0, 0, 0, 0, 0, 2000, 0),
(204, 'Freestyle House', 0, 0, 0, 0, 0, 0, 80, 0),
(205, 'French Touch', 0, 0, 0, 0, 0, 0, 90, 0),
(206, 'Funky House', 0, 0, 0, 0, 0, 0, 90, 0),
(207, 'Garage House', 0, 0, 0, 0, 0, 0, 80, 0),
(208, 'Ghetto House', 0, 0, 0, 0, 0, 0, 90, 0),
(209, 'Hard House', 0, 0, 0, 0, 0, 0, 90, 0),
(210, 'Hardbag', 0, 0, 0, 0, 0, 0, 90, 0),
(211, 'Hip House', 0, 0, 0, 0, 0, 0, 80, 0),
(212, 'House de Chicago', 0, 0, 0, 0, 0, 0, 80, 0),
(213, 'House de Détroit', 0, 0, 0, 0, 0, 0, 80, 0),
(214, 'House Progressive', 0, 0, 0, 0, 0, 0, 90, 0),
(215, 'House Tribale', 0, 0, 0, 0, 0, 0, 80, 0),
(216, 'Italo House', 0, 0, 0, 0, 0, 0, 80, 0),
(217, 'Kwaito', 0, 0, 0, 0, 0, 0, 90, 0),
(218, 'Latin House', 0, 0, 0, 0, 0, 0, 90, 0),
(219, 'Madshester', 0, 0, 0, 0, 0, 0, 80, 0),
(220, 'Merenhouse', 0, 0, 0, 0, 0, 0, 2000, 0),
(221, 'Microhouse', 0, 0, 0, 0, 0, 0, 90, 0),
(222, 'Reg', 0, 0, 0, 0, 0, 0, 2000, 0),
(223, 'Scouse House', 0, 0, 0, 0, 0, 0, 0, 0),
(224, 'Speed Garage', 0, 0, 0, 0, 0, 0, 90, 0),
(225, 'Tech House', 0, 0, 0, 0, 0, 0, 90, 0),
(226, 'UK Garage', 0, 0, 0, 0, 0, 0, 90, 0),
(227, 'UK Hard House', 0, 0, 0, 0, 0, 0, 90, 0),
(228, 'Vocal House', 0, 0, 0, 0, 0, 0, 80, 0),
(229, 'Acid Jazz', 0, 0, 0, 0, 0, 0, 80, 0),
(230, 'Afro-Jazz', 0, 0, 0, 0, 0, 0, 30, 0),
(231, 'Bebop', 0, 0, 0, 0, 0, 0, 80, 0),
(232, 'Big Band', 0, 0, 0, 0, 0, 0, 30, 0),
(233, 'Boogy Woogie', 0, 0, 0, 0, 0, 0, 20, 0),
(234, 'Bossa Nova', 0, 0, 0, 0, 0, 0, 50, 0),
(235, 'British dance bande', 0, 0, 0, 0, 0, 0, 20, 0),
(236, 'Cape Jazz', 0, 0, 0, 0, 0, 0, 90, 0),
(237, 'Chamber jazz', 0, 0, 0, 0, 0, 0, 0, 0),
(238, 'Chicago Jazz', 0, 0, 0, 0, 0, 0, 20, 0),
(239, 'Continental Jazz', 0, 0, 0, 0, 0, 0, 0, 0),
(240, 'Cool Jazz', 0, 0, 0, 0, 0, 0, 50, 0),
(241, 'Crossover jazz', 0, 0, 0, 0, 0, 0, 70, 0),
(242, 'Dixieland', 0, 0, 0, 0, 0, 0, 20, 0),
(243, 'Ethio-Jazz', 0, 0, 0, 0, 0, 0, 50, 0),
(244, 'Ethno-Jazz', 0, 0, 0, 0, 0, 0, 90, 0),
(245, 'Filin', 0, 0, 0, 0, 0, 0, 50, 0),
(246, 'Free Jazz', 0, 0, 0, 0, 0, 0, 50, 0),
(247, 'Fusion Jazz-Rock', 0, 0, 0, 0, 0, 0, 70, 0),
(248, 'Hard bop', 0, 0, 0, 0, 0, 0, 50, 0),
(249, 'Jazz', 0, 0, 0, 0, 0, 0, 10, 0),
(250, 'Jazz Afro-cubain', 0, 0, 0, 0, 0, 0, 30, 0),
(251, 'Jazz avant-gardiste', 0, 0, 0, 0, 0, 0, 50, 0),
(252, 'Jazz blues', 0, 0, 0, 0, 0, 0, 0, 0),
(253, 'Jazz Mainstream', 0, 0, 0, 0, 0, 0, 50, 0),
(254, 'Jazz Manouche', 0, 0, 0, 0, 0, 0, 30, 0),
(255, 'Jazz modal', 0, 0, 0, 0, 0, 0, 60, 0),
(256, 'Jazz Nouvelles-Orléans', 0, 0, 0, 0, 0, 0, 10, 0),
(257, 'Jazz orchestrale', 0, 0, 0, 0, 0, 0, 20, 0),
(258, 'Jazz Poetry', 0, 0, 0, 0, 0, 0, 20, 0),
(259, 'Jazz West Coast', 0, 0, 0, 0, 0, 0, 50, 0),
(260, 'Kansas City Jazz', 0, 0, 0, 0, 0, 0, 20, 0),
(261, 'Neo-bop', 0, 0, 0, 0, 0, 0, 80, 0),
(262, 'Nu Jazz', 0, 0, 0, 0, 0, 0, 90, 0),
(263, 'Post-bop', 0, 0, 0, 0, 0, 0, 60, 0),
(264, 'Post-bop', 0, 0, 0, 0, 0, 0, 60, 0),
(265, 'Shibuya-key', 0, 0, 0, 0, 0, 0, 60, 0),
(266, 'Smooth Jazz', 0, 0, 0, 0, 0, 0, 80, 0),
(267, 'Soul Jazz', 0, 0, 0, 0, 0, 0, 50, 0),
(268, 'Stride Jazz', 0, 0, 0, 0, 0, 0, 10, 0),
(269, 'Swing', 0, 0, 0, 0, 0, 0, 20, 0),
(270, 'Third Stream', 0, 0, 0, 0, 0, 0, 50, 0),
(271, 'Urban jazz', 0, 0, 0, 0, 0, 0, 0, 0),
(272, 'Western Swing', 0, 0, 0, 0, 0, 0, 20, 0),
(273, 'Ambient Drum and Bass', 0, 0, 0, 0, 0, 0, 90, 0),
(274, 'Ambient Jungle', 0, 0, 0, 0, 0, 0, 90, 0),
(275, 'Broken Beat', 0, 0, 0, 0, 0, 0, 90, 0),
(276, 'Darkcore', 0, 0, 0, 0, 0, 0, 90, 0),
(277, 'Darkstep', 0, 0, 0, 0, 0, 0, 90, 0),
(278, 'Drill''n''Bass', 0, 0, 0, 0, 0, 0, 90, 0),
(279, 'Drum and Bass', 0, 0, 0, 0, 0, 0, 90, 0),
(280, 'Drumfunk', 0, 0, 0, 0, 0, 0, 2000, 0),
(281, 'Dubstep', 0, 0, 0, 0, 0, 0, 2000, 0),
(282, 'Dubstyle', 0, 0, 0, 0, 0, 0, 2010, 0),
(283, 'Dubwise Drum', 0, 0, 0, 0, 0, 0, 90, 0),
(284, 'Glitch', 0, 0, 0, 0, 0, 0, 90, 0),
(285, 'Hardstep', 0, 0, 0, 0, 0, 0, 90, 0),
(286, 'Industrial Drum and Bass', 0, 0, 0, 0, 0, 0, 90, 0),
(287, 'Inteligent Dance Music', 0, 0, 0, 0, 0, 0, 90, 0),
(288, 'Jazzstep', 0, 0, 0, 0, 0, 0, 90, 0),
(289, 'Jump up', 0, 0, 0, 0, 0, 0, 90, 0),
(290, 'Jungle', 0, 0, 0, 0, 0, 0, 90, 0),
(291, 'Liquid Funk', 0, 0, 0, 0, 0, 0, 2000, 0),
(292, 'Neurofunk', 0, 0, 0, 0, 0, 0, 90, 0),
(293, 'Ragga Jungle', 0, 0, 0, 0, 0, 0, 80, 0),
(294, 'Raggacore', 0, 0, 0, 0, 0, 0, 90, 0),
(295, 'Sambass', 0, 0, 0, 0, 0, 0, 2000, 0),
(296, 'Techno-DNB', 0, 0, 0, 0, 0, 0, 2000, 0),
(297, 'Techstep', 0, 0, 0, 0, 0, 0, 90, 0),
(298, 'Trancestep', 0, 0, 0, 0, 0, 0, 0, 0),
(299, '?Easy Listenning?', 0, 0, 0, 0, 0, 0, 80, 0),
(300, 'Beautiful Music', 0, 0, 0, 0, 0, 0, 60, 0),
(301, 'Exotica', 0, 0, 0, 0, 0, 0, 50, 0),
(302, 'Lounge', 0, 0, 0, 0, 0, 0, 50, 0),
(303, 'Space Age Pop', 0, 0, 0, 0, 0, 0, 50, 0),
(304, 'Ambient Black Metal', 0, 0, 0, 0, 0, 0, 90, 0),
(305, 'Black Death', 0, 0, 0, 0, 0, 0, 90, 0),
(306, 'Black Metal', 0, 0, 0, 0, 0, 0, 90, 0),
(307, 'Black Metal Symphonique', 0, 0, 0, 0, 0, 0, 90, 0),
(308, 'Brutal Death Metal', 0, 0, 0, 0, 0, 0, 90, 0),
(309, 'Celtic Metal', 0, 0, 0, 0, 0, 0, 90, 0),
(310, 'Cold Metal', 0, 0, 0, 0, 0, 0, 90, 0),
(311, 'Crossover Thrash', 0, 0, 0, 0, 0, 0, 80, 0),
(312, 'Cyber Metal', 0, 0, 0, 0, 0, 0, 90, 0),
(313, 'Cybergrind', 0, 0, 0, 0, 0, 0, 90, 0),
(314, 'Dark Metal', 0, 0, 0, 0, 0, 0, 90, 0),
(315, 'Dark Metal Atmosphérique', 0, 0, 0, 0, 0, 0, 90, 0),
(316, 'Death Metal', 0, 0, 0, 0, 0, 0, 80, 0),
(317, 'Death Metal Mélodique', 0, 0, 0, 0, 0, 0, 90, 0),
(318, 'Deathcore', 0, 0, 0, 0, 0, 0, 2000, 0),
(319, 'Djent Metal', 0, 0, 0, 0, 0, 0, 90, 0),
(320, 'Doom Black', 0, 0, 0, 0, 0, 0, 90, 0),
(321, 'Doom Death', 0, 0, 0, 0, 0, 0, 90, 0),
(322, 'Doom Metal', 0, 0, 0, 0, 0, 0, 80, 0),
(323, 'Drone Doom', 0, 0, 0, 0, 0, 0, 90, 0),
(324, 'Electro Metal', 0, 0, 0, 0, 0, 0, 90, 0),
(325, 'Folk Metal', 0, 0, 0, 0, 0, 0, 90, 0),
(326, 'Funk Metal', 0, 0, 0, 0, 0, 0, 90, 0),
(327, 'Glam Metal', 0, 0, 0, 0, 0, 0, 80, 0),
(328, 'Grindcore', 0, 0, 0, 0, 0, 0, 90, 0),
(329, 'Groove Metal', 0, 0, 0, 0, 0, 0, 90, 0),
(330, 'Grunge', 0, 0, 0, 0, 0, 0, 90, 0),
(331, 'Guitar Heroes', 0, 0, 0, 0, 0, 0, 80, 0),
(332, 'Hard Rock', 0, 0, 0, 0, 0, 0, 60, 0),
(333, 'Hard Rock FM', 0, 0, 0, 0, 0, 0, 70, 0),
(334, 'Hard Rock Francophone', 0, 0, 0, 0, 0, 0, 80, 0),
(335, 'Hard Rock US (son côte est)', 0, 0, 0, 0, 0, 0, 80, 0),
(336, 'Hard Rock US (son côte ouest)', 0, 0, 0, 0, 0, 0, 80, 0),
(337, 'Heavy Metal', 0, 0, 0, 0, 0, 0, 70, 0),
(338, 'Horror Metal', 0, 0, 0, 0, 0, 0, 90, 0),
(339, 'Industrial Black Metal', 0, 0, 0, 0, 0, 0, 2000, 0),
(340, 'Jazz Metal', 0, 0, 0, 0, 0, 0, 90, 0),
(341, 'Mathcore', 0, 0, 0, 0, 0, 0, 90, 0),
(342, 'Metal alternatif', 0, 0, 0, 0, 0, 0, 80, 0),
(343, 'Metal Atmosphérique progressif', 0, 0, 0, 0, 0, 0, 90, 0),
(344, 'Metal avant-gardiste', 0, 0, 0, 0, 0, 0, 90, 0),
(345, 'Metal Gothique', 0, 0, 0, 0, 0, 0, 90, 0),
(346, 'Metal Industriel', 0, 0, 0, 0, 0, 0, 80, 0),
(347, 'Metal Néo-classique', 0, 0, 0, 0, 0, 0, 80, 0),
(348, 'Metal Progressif', 0, 0, 0, 0, 0, 0, 80, 0),
(349, 'Metal Symphonique', 0, 0, 0, 0, 0, 0, 80, 0),
(350, 'Metalcore', 0, 0, 0, 0, 0, 0, 90, 0),
(351, 'Neo-Metal', 0, 0, 0, 0, 0, 0, 90, 0),
(352, 'Neue Deutsche Härte ', 0, 0, 0, 0, 0, 0, 90, 0),
(353, 'Noise Metal', 0, 0, 0, 0, 0, 0, 80, 0),
(354, 'Pagan Black Metal', 0, 0, 0, 0, 0, 0, 90, 0),
(355, 'Pagan Death Metal', 0, 0, 0, 0, 0, 0, 90, 0),
(356, 'Post-Grunge', 0, 0, 0, 0, 0, 0, 90, 0),
(357, 'Post-Metal', 0, 0, 0, 0, 0, 0, 2000, 0),
(358, 'Power Metal', 0, 0, 0, 0, 0, 0, 90, 0),
(359, 'Rap Metal', 0, 0, 0, 0, 0, 0, 90, 0),
(360, 'Sleaze Metal', 0, 0, 0, 0, 0, 0, 80, 0),
(361, 'Sludge Metal', 0, 0, 0, 0, 0, 0, 90, 0),
(362, 'Speed Mélodique', 0, 0, 0, 0, 0, 0, 80, 0),
(363, 'Speed Metal', 0, 0, 0, 0, 0, 0, 80, 0),
(364, 'Stoner Metal', 0, 0, 0, 0, 0, 0, 90, 0),
(365, 'Thrash Metal', 0, 0, 0, 0, 0, 0, 80, 0),
(366, 'True Black Metal', 0, 0, 0, 0, 0, 0, 90, 0),
(367, 'Viking Metal', 0, 0, 0, 0, 0, 0, 90, 0),
(368, 'Visual Kei', 0, 0, 0, 0, 0, 0, 80, 0),
(369, 'Aggrotech', 0, 0, 0, 0, 0, 0, 90, 0),
(370, 'Darksynth', 0, 0, 0, 0, 0, 0, 80, 0),
(371, 'Death industriel', 0, 0, 0, 0, 0, 0, 80, 0),
(372, 'Electro Body Music', 0, 0, 0, 0, 0, 0, 80, 0),
(373, 'EBM New school', 0, 0, 0, 0, 0, 0, 90, 0),
(374, 'Electro-Indus', 0, 0, 0, 0, 0, 0, 80, 0),
(375, 'Futurepop', 0, 0, 0, 0, 0, 0, 90, 0),
(376, 'Harsh Noise', 0, 0, 0, 0, 0, 0, 0, 0),
(377, 'Japanoise', 0, 0, 0, 0, 0, 0, 80, 0),
(378, 'Martial industriel', 0, 0, 0, 0, 0, 0, 2000, 0),
(379, 'Musique Bruitiste', 0, 0, 0, 0, 0, 0, 30, 0),
(380, 'Musique Industrielle', 0, 0, 0, 0, 0, 0, 70, 0),
(381, 'Neofolk', 0, 0, 0, 0, 0, 0, 0, 0),
(382, 'Power Electronics', 0, 0, 0, 0, 0, 0, 80, 0),
(383, 'Power Noise', 0, 0, 0, 0, 0, 0, 90, 0),
(384, 'Batcave', 0, 0, 0, 0, 0, 0, 80, 0),
(385, 'Coldwave', 0, 0, 0, 0, 0, 0, 80, 0),
(386, 'Darkwave', 0, 0, 0, 0, 0, 0, 80, 0),
(387, 'Darkwave Néoclassique', 0, 0, 0, 0, 0, 0, 0, 0),
(388, 'Electroclash', 0, 0, 0, 0, 0, 0, 2000, 0),
(389, 'Neu Deutsche Welle', 0, 0, 0, 0, 0, 0, 80, 0),
(390, 'New Rave', 0, 0, 0, 0, 0, 0, 2000, 0),
(391, 'New Wave', 0, 0, 0, 0, 0, 0, 80, 0),
(392, 'Rock gothique', 0, 0, 0, 0, 0, 0, 70, 0),
(393, 'Nouveaux Romantiques', 0, 0, 0, 0, 0, 0, 70, 0),
(394, 'Synthpop', 0, 0, 0, 0, 0, 0, 80, 0),
(395, 'Adult oriented Pop Music', 0, 0, 0, 0, 0, 0, 0, 0),
(396, 'Boys Band', 0, 0, 0, 0, 0, 0, 70, 0),
(397, 'Brill Building Pop', 0, 0, 0, 0, 0, 0, 60, 0),
(398, 'Bubblegum pop', 0, 0, 0, 0, 0, 0, 60, 0),
(399, 'Dansband', 0, 0, 0, 0, 0, 0, 70, 0),
(400, 'Girls group', 0, 0, 0, 0, 0, 0, 60, 0),
(401, 'Indie Pop', 0, 0, 0, 0, 0, 0, 80, 0),
(402, 'Jangle Pop', 0, 0, 0, 0, 0, 0, 80, 0),
(403, 'Jpop', 0, 0, 0, 0, 0, 0, 90, 0),
(404, 'Kayōkyoku', 0, 0, 0, 0, 0, 0, 50, 0),
(405, 'Kpop', 0, 0, 0, 0, 0, 0, 90, 0),
(406, 'Nederbeat', 0, 0, 0, 0, 0, 0, 60, 0),
(407, 'Nederbeat', 0, 0, 0, 0, 0, 0, 60, 0),
(408, 'Nederpop', 0, 0, 0, 0, 0, 0, 60, 0),
(409, 'Nederpop', 0, 0, 0, 0, 0, 0, 60, 0),
(410, 'Pop Baroque', 0, 0, 0, 0, 0, 0, 60, 0),
(411, 'Pop latino', 0, 0, 0, 0, 0, 0, 0, 0),
(412, 'Pop Musique', 0, 0, 0, 0, 0, 0, 60, 0),
(413, 'Pop Psychédélique', 0, 0, 0, 0, 0, 0, 60, 0),
(414, 'Power Pop', 0, 0, 0, 0, 0, 0, 60, 0),
(415, 'Schlager', 0, 0, 0, 0, 0, 0, 0, 0),
(416, 'Sunshinepop', 0, 0, 0, 0, 0, 0, 60, 0),
(417, 'Swamp Pop', 0, 0, 0, 0, 0, 0, 60, 0),
(418, 'Teen pop', 0, 0, 0, 0, 0, 0, 90, 0),
(419, 'Tin Pan Alley', 0, 0, 0, 0, 0, 0, 19, 0),
(420, 'Variété', 0, 0, 0, 0, 0, 0, 50, 0),
(421, 'Wonky Pop', 0, 0, 0, 0, 0, 0, 2000, 0),
(422, 'Anarcho-Punk', 0, 0, 0, 0, 0, 0, 70, 0),
(423, 'Antifolk', 0, 0, 0, 0, 0, 0, 80, 0),
(424, 'Art Punk', 0, 0, 0, 0, 0, 0, 70, 0),
(425, 'Cowpunk', 0, 0, 0, 0, 0, 0, 80, 0),
(426, 'Crust Punk', 0, 0, 0, 0, 0, 0, 80, 0),
(427, 'Dance-Punk', 0, 0, 0, 0, 0, 0, 70, 0),
(428, 'Death Rock', 0, 0, 0, 0, 0, 0, 70, 0),
(429, 'Deathcountry', 0, 0, 0, 0, 0, 0, 90, 0),
(430, 'Digital harcore', 0, 0, 0, 0, 0, 0, 90, 0),
(431, 'Easycore', 0, 0, 0, 0, 0, 0, 2000, 0),
(432, 'Electro Rock', 0, 0, 0, 0, 0, 0, 90, 0),
(433, 'Electronicore', 0, 0, 0, 0, 0, 0, 2000, 0),
(434, 'Emocore', 0, 0, 0, 0, 0, 0, 80, 0),
(435, 'Garage Punk', 0, 0, 0, 0, 0, 0, 80, 0),
(436, 'Glam Punk', 0, 0, 0, 0, 0, 0, 70, 0),
(437, 'Gothabilly', 0, 0, 0, 0, 0, 0, 70, 0),
(438, 'Gypsie Punk', 0, 0, 0, 0, 0, 0, 0, 0),
(439, 'Hardcore Mélodique', 0, 0, 0, 0, 0, 0, 90, 0),
(440, 'Horror Punk', 0, 0, 0, 0, 0, 0, 70, 0),
(441, 'Jazz Punk', 0, 0, 0, 0, 0, 0, 70, 0),
(442, 'Oï !', 0, 0, 0, 0, 0, 0, 80, 0),
(443, 'Pop Punk', 0, 0, 0, 0, 0, 0, 90, 0),
(444, 'Post Punk', 0, 0, 0, 0, 0, 0, 70, 0),
(445, 'Post-Hardcore', 0, 0, 0, 0, 0, 0, 80, 0),
(446, 'Protopunk', 0, 0, 0, 0, 0, 0, 60, 0),
(447, 'Psychobilly', 0, 0, 0, 0, 0, 0, 80, 0),
(448, 'Punk Blues', 0, 0, 0, 0, 0, 0, 90, 0),
(449, 'Punk Celtique', 0, 0, 0, 0, 0, 0, 80, 0),
(450, 'Punk Folk', 0, 0, 0, 0, 0, 0, 80, 0),
(451, 'Punk Garage', 0, 0, 0, 0, 0, 0, 80, 0),
(452, 'Punk Hardcore', 0, 0, 0, 0, 0, 0, 70, 0),
(453, 'Punk Rock', 0, 0, 0, 0, 0, 0, 70, 0),
(454, 'Rock Alternatif Français', 0, 0, 0, 0, 0, 0, 80, 0),
(455, 'Rock Anti-Comuniste', 0, 0, 0, 0, 0, 0, 80, 0),
(456, 'Screamo', 0, 0, 0, 0, 0, 0, 90, 0),
(457, 'Ska Punk', 0, 0, 0, 0, 0, 0, 80, 0),
(458, 'Skate punk', 0, 0, 0, 0, 0, 0, 90, 0),
(459, 'Street Punk', 0, 0, 0, 0, 0, 0, 80, 0),
(460, 'Synthpunk', 0, 0, 0, 0, 0, 0, 70, 0),
(461, 'Cake-walk', 0, 0, 0, 0, 0, 0, 1870, 0),
(462, 'Characteristic March', 0, 0, 0, 0, 0, 0, 0, 0),
(463, 'Classic Rag', 0, 0, 0, 0, 0, 0, 1890, 0),
(464, 'Fox-Trot', 0, 0, 0, 0, 0, 0, 1910, 0),
(465, 'Novelty piano', 0, 0, 0, 0, 0, 0, 1920, 0),
(466, 'Ragtime Moderne', 0, 0, 0, 0, 0, 0, 1940, 0),
(467, 'Ragtime song', 0, 0, 0, 0, 0, 0, 1900, 0),
(468, 'Ragtime Waltz', 0, 0, 0, 0, 0, 0, 1900, 0),
(469, 'Slow Drag', 0, 0, 0, 0, 0, 0, 1900, 0),
(470, 'Australian Ska', 0, 0, 0, 0, 0, 0, 80, 0),
(471, 'Blue Beat', 0, 0, 0, 0, 0, 0, 60, 0),
(472, 'Dancehall Reggae', 0, 0, 0, 0, 0, 0, 70, 0),
(473, 'Dub', 0, 0, 0, 0, 0, 0, 60, 0),
(474, 'Dub ambient', 0, 0, 0, 0, 0, 0, 0, 0),
(475, 'Dub Hybride', 0, 0, 0, 0, 0, 0, 0, 0),
(476, 'Dub Poetry', 0, 0, 0, 0, 0, 0, 70, 0),
(477, 'Dub stepper', 0, 0, 0, 0, 0, 0, 70, 0),
(478, 'Early Digital', 0, 0, 0, 0, 0, 0, 80, 0),
(479, 'Early Reggae', 0, 0, 0, 0, 0, 0, 60, 0),
(480, 'J-Ska', 0, 0, 0, 0, 0, 0, 80, 0),
(481, 'Lover''s Rock', 0, 0, 0, 0, 0, 0, 70, 0),
(482, 'Novo Dub', 0, 0, 0, 0, 0, 0, 0, 0),
(483, 'Nu roots', 0, 0, 0, 0, 0, 0, 90, 0),
(484, 'One-Drop', 0, 0, 0, 0, 0, 0, 70, 0),
(485, 'Ragga-lover', 0, 0, 0, 0, 0, 0, 0, 0),
(486, 'Raggamuffin', 0, 0, 0, 0, 0, 0, 80, 0),
(487, 'Reggae Fusion', 0, 0, 0, 0, 0, 0, 80, 0),
(488, 'Reggae instrumental', 0, 0, 0, 0, 0, 0, 0, 0),
(489, 'Reggae singers', 0, 0, 0, 0, 0, 0, 0, 0),
(490, 'Reggaeton', 0, 0, 0, 0, 0, 0, 90, 0),
(491, 'Rockers Reggae', 0, 0, 0, 0, 0, 0, 70, 0),
(492, 'Rocksteady', 0, 0, 0, 0, 0, 0, 60, 0),
(493, 'Roots reggae', 0, 0, 0, 0, 0, 0, 70, 0),
(494, 'Rub-a-dub', 0, 0, 0, 0, 0, 0, 80, 0),
(495, 'Rumble', 0, 0, 0, 0, 0, 0, 0, 0),
(496, 'Salsa-Ragga', 0, 0, 0, 0, 0, 0, 90, 0),
(497, 'Salsaton', 0, 0, 0, 0, 0, 0, 2000, 0),
(498, 'Seggae', 0, 0, 0, 0, 0, 0, 80, 0),
(499, 'Sensi-beat', 0, 0, 0, 0, 0, 0, 0, 0),
(500, 'Singjay', 0, 0, 0, 0, 0, 0, 0, 0),
(501, 'Ska', 0, 0, 0, 0, 0, 0, 60, 0),
(502, 'Ska revival', 0, 0, 0, 0, 0, 0, 80, 0),
(503, 'Ska-Jazz', 0, 0, 0, 0, 0, 0, 0, 0),
(504, 'Skinhead reggae', 0, 0, 0, 0, 0, 0, 70, 0),
(505, 'Slackness', 0, 0, 0, 0, 0, 0, 0, 0),
(506, 'Sleng-Teng', 0, 0, 0, 0, 0, 0, 80, 0),
(507, 'Steppa', 0, 0, 0, 0, 0, 0, 90, 0),
(508, 'Two tone', 0, 0, 0, 0, 0, 0, 70, 0),
(509, 'Acid Rock', 0, 0, 0, 0, 0, 0, 60, 0),
(510, 'Arena Rock', 0, 0, 0, 0, 0, 0, 70, 0),
(511, 'Art Rock', 0, 0, 0, 0, 0, 0, 60, 0),
(512, 'Avant-Rock', 0, 0, 0, 0, 0, 0, 60, 0),
(513, 'Blues Rock', 0, 0, 0, 0, 0, 0, 60, 0),
(514, 'Brit pop', 0, 0, 0, 0, 0, 0, 90, 0),
(515, 'British Beat', 0, 0, 0, 0, 0, 0, 60, 0),
(516, 'Cold Wave', 0, 0, 0, 0, 0, 0, 80, 0),
(517, 'Country Rock', 0, 0, 0, 0, 0, 0, 60, 0),
(518, 'Dream Pop', 0, 0, 0, 0, 0, 0, 80, 0),
(519, 'Folk Rock', 0, 0, 0, 0, 0, 0, 60, 0),
(520, 'Freakbeat', 0, 0, 0, 0, 0, 0, 60, 0),
(521, 'French Beat', 0, 0, 0, 0, 0, 0, 60, 0),
(522, 'Funk Rock', 0, 0, 0, 0, 0, 0, 70, 0),
(523, 'Fusion', 0, 0, 0, 0, 0, 0, 80, 0),
(524, 'Geek Rock', 0, 0, 0, 0, 0, 0, 0, 0),
(525, 'Glam Rock', 0, 0, 0, 0, 0, 0, 70, 0),
(526, 'Grebo', 0, 0, 0, 0, 0, 0, 80, 0),
(527, 'Grindie', 0, 0, 0, 0, 0, 0, 2000, 0),
(528, 'Group Sounds', 0, 0, 0, 0, 0, 0, 60, 0),
(529, 'Heartland Rock', 0, 0, 0, 0, 0, 0, 70, 0),
(530, 'Jamrock', 0, 0, 0, 0, 0, 0, 60, 0),
(531, 'Jangle Pop', 0, 0, 0, 0, 0, 0, 80, 0),
(532, 'Jrock', 0, 0, 0, 0, 0, 0, 60, 0),
(533, 'Krautrock', 0, 0, 0, 0, 0, 0, 60, 0),
(534, 'Lo-Fi', 0, 0, 0, 0, 0, 0, 80, 0),
(535, 'Math Rock', 0, 0, 0, 0, 0, 0, 80, 0),
(536, 'Mersey Beat', 0, 0, 0, 0, 0, 0, 50, 0),
(537, 'No Wave', 0, 0, 0, 0, 0, 0, 70, 0),
(538, 'Noise Rock', 0, 0, 0, 0, 0, 0, 80, 0),
(539, 'Paisley Underground', 0, 0, 0, 0, 0, 0, 80, 0),
(540, 'Piano Rock', 0, 0, 0, 0, 0, 0, 50, 0),
(541, 'Pop Rock', 0, 0, 0, 0, 0, 0, 60, 0),
(542, 'Post-Rock', 0, 0, 0, 0, 0, 0, 80, 0),
(543, 'Pub Rock (Australie)', 0, 0, 0, 0, 0, 0, 70, 0),
(544, 'Pub Rock (UK)', 0, 0, 0, 0, 0, 0, 70, 0),
(545, 'Rock alternatif', 0, 0, 0, 0, 0, 0, 80, 0),
(546, 'Rock alternatif latino', 0, 0, 0, 0, 0, 0, 90, 0),
(547, 'Rock Garage', 0, 0, 0, 0, 0, 0, 50, 0),
(548, 'Rock indépendant', 0, 0, 0, 0, 0, 0, 80, 0),
(549, 'Rock industriel', 0, 0, 0, 0, 0, 0, 70, 0),
(550, 'Rock instrumental', 0, 0, 0, 0, 0, 0, 50, 0),
(551, 'Rock néo-progressif', 0, 0, 0, 0, 0, 0, 80, 0),
(552, 'Rock progressif', 0, 0, 0, 0, 0, 0, 60, 0),
(553, 'Rock psychédélique', 0, 0, 0, 0, 0, 0, 60, 0),
(554, 'Rock Sudiste', 0, 0, 0, 0, 0, 0, 70, 0),
(555, 'Rock Symphonique', 0, 0, 0, 0, 0, 0, 60, 0),
(556, 'Rock''n''Roll', 0, 0, 0, 0, 0, 0, 40, 0),
(557, 'Rockabilly', 0, 0, 0, 0, 0, 0, 50, 0),
(558, 'Shoegazing ', 0, 0, 0, 0, 0, 0, 80, 0),
(559, 'Soft Rock', 0, 0, 0, 0, 0, 0, 60, 0),
(560, 'Space Rock', 0, 0, 0, 0, 0, 0, 70, 0),
(561, 'Surf Music', 0, 0, 0, 0, 0, 0, 50, 0),
(562, 'Trip Rock', 0, 0, 0, 0, 0, 0, 90, 0),
(563, 'Twee Pop', 0, 0, 0, 0, 0, 0, 80, 0),
(564, 'Twist', 0, 0, 0, 0, 0, 0, 60, 0),
(565, 'Yeye', 0, 0, 0, 0, 0, 0, 50, 0),
(566, 'Zeuhl', 0, 0, 0, 0, 0, 0, 60, 0),
(567, 'Blue Eyed-Soul', 0, 0, 0, 0, 0, 0, 60, 0),
(568, 'Boogaloo', 0, 0, 0, 0, 0, 0, 60, 0),
(569, 'British Soul', 0, 0, 0, 0, 0, 0, 60, 0),
(570, 'Brown Eyed Soul', 0, 0, 0, 0, 0, 0, 60, 0),
(571, 'Chicago Soul', 0, 0, 0, 0, 0, 0, 60, 0),
(572, 'Doo-wop', 0, 0, 0, 0, 0, 0, 50, 0),
(573, 'Latin boogaloo', 0, 0, 0, 0, 0, 0, 60, 0),
(574, 'Latin Soul', 0, 0, 0, 0, 0, 0, 60, 0),
(575, 'Memphis Soul', 0, 0, 0, 0, 0, 0, 60, 0),
(576, 'Modern Soul', 0, 0, 0, 0, 0, 0, 70, 0),
(577, 'Neo Soul', 0, 0, 0, 0, 0, 0, 90, 0),
(578, 'New Orleans Soul', 0, 0, 0, 0, 0, 0, 60, 0),
(579, 'Nothern Soul', 0, 0, 0, 0, 0, 0, 60, 0),
(580, 'Philadelphia Soul', 0, 0, 0, 0, 0, 0, 70, 0),
(581, 'Smooth Soul', 0, 0, 0, 0, 0, 0, 70, 0),
(582, 'Soca music', 0, 0, 0, 0, 0, 0, 70, 0),
(583, 'Soul', 0, 0, 0, 0, 0, 0, 50, 0),
(584, 'Soul Blues', 0, 0, 0, 0, 0, 0, 50, 0),
(585, 'Soul Jazz', 0, 0, 0, 0, 0, 0, 50, 0),
(586, 'Soul Psychédélique', 0, 0, 0, 0, 0, 0, 60, 0),
(587, 'Southern Soul', 0, 0, 0, 0, 0, 0, 50, 0),
(588, 'Spoken world soul', 0, 0, 0, 0, 0, 0, 2000, 0),
(589, 'UK Funky', 0, 0, 0, 0, 0, 0, 2000, 0),
(590, '?Techno Vocale? (genre floorfilla)', 0, 0, 0, 0, 0, 0, 90, 0),
(591, 'Acid Techno', 0, 0, 0, 0, 0, 0, 90, 0),
(592, 'Bangin'' Techno', 0, 0, 0, 0, 0, 0, 90, 0),
(593, 'Deep Techno', 0, 0, 0, 0, 0, 0, 90, 0),
(594, 'Dub Techno', 0, 0, 0, 0, 0, 0, 90, 0),
(595, 'Eurotechno', 0, 0, 0, 0, 0, 0, 90, 0),
(596, 'Gloomcore', 0, 0, 0, 0, 0, 0, 90, 0),
(597, 'Hard Acid Techno', 0, 0, 0, 0, 0, 0, 90, 0),
(598, 'JTek', 0, 0, 0, 0, 0, 0, 90, 0),
(599, 'New beat', 0, 0, 0, 0, 0, 0, 80, 0),
(600, 'Nightcore', 0, 0, 0, 0, 0, 0, 2000, 0),
(601, 'Nortec', 0, 0, 0, 0, 0, 0, 2000, 0),
(602, 'Schranz', 0, 0, 0, 0, 0, 0, 2000, 0),
(603, 'Techno Allemande', 0, 0, 0, 0, 0, 0, 90, 0),
(604, 'Techno de Détroit', 0, 0, 0, 0, 0, 0, 80, 0),
(605, 'Techno expérimentale', 0, 0, 0, 0, 0, 0, 90, 0),
(606, 'Techno Industriel', 0, 0, 0, 0, 0, 0, 90, 0),
(607, 'Techno Italienne', 0, 0, 0, 0, 0, 0, 90, 0),
(608, 'Techno Latine', 0, 0, 0, 0, 0, 0, 90, 0),
(609, 'Techno minimal', 0, 0, 0, 0, 0, 0, 90, 0),
(610, 'Techno Suédoise', 0, 0, 0, 0, 0, 0, 90, 0),
(611, 'Techno Tribale', 0, 0, 0, 0, 0, 0, 90, 0),
(612, 'Tekstyle', 0, 0, 0, 0, 0, 0, 2000, 0),
(613, 'Tribe', 0, 0, 0, 0, 0, 0, 90, 0),
(614, 'Yorkshire Techno', 0, 0, 0, 0, 0, 0, 0, 0),
(615, 'Bouncy Techno', 0, 0, 0, 0, 0, 0, 90, 0),
(616, 'Drum''n''core', 0, 0, 0, 0, 0, 0, 90, 0),
(617, 'Extratone', 0, 0, 0, 0, 0, 0, 2000, 0),
(618, 'Flashcore', 0, 0, 0, 0, 0, 0, 90, 0),
(619, 'Frenchcore', 0, 0, 0, 0, 0, 0, 90, 0),
(620, 'Gabber', 0, 0, 0, 0, 0, 0, 90, 0),
(621, 'Happy Hardcore', 0, 0, 0, 0, 0, 0, 90, 0),
(622, 'J-Core', 0, 0, 0, 0, 0, 0, 90, 0),
(623, 'Jumpstyle', 0, 0, 0, 0, 0, 0, 2000, 0),
(624, 'Lento Violento', 0, 0, 0, 0, 0, 0, 2000, 0),
(625, 'Mainstream Hardcore', 0, 0, 0, 0, 0, 0, 90, 0),
(626, 'Makina Japonaise', 0, 0, 0, 0, 0, 0, 0, 0),
(627, 'Makina', 0, 0, 0, 0, 0, 0, 90, 0),
(628, 'Nu Style Gabber', 0, 0, 0, 0, 0, 0, 90, 0),
(629, 'Rotterdam Gabber', 0, 0, 0, 0, 0, 0, 90, 0),
(630, 'Speedbass', 0, 0, 0, 0, 0, 0, 90, 0),
(631, 'Speedcore', 0, 0, 0, 0, 0, 0, 90, 0),
(632, 'Speedcore psycéhdélique', 0, 0, 0, 0, 0, 0, 2000, 0),
(633, 'Splittercore', 0, 0, 0, 0, 0, 0, 2000, 0),
(634, 'Techno hardcore', 0, 0, 0, 0, 0, 0, 90, 0),
(635, 'Terrorcore', 0, 0, 0, 0, 0, 0, 90, 0),
(636, 'UK Gabber', 0, 0, 0, 0, 0, 0, 90, 0),
(637, 'UK Hardcore', 0, 0, 0, 0, 0, 0, 90, 0),
(638, '? Trance', 0, 0, 0, 0, 0, 0, 2000, 0),
(639, '? Trance (celle qui ressemble à Warlock et BBE)', 0, 0, 0, 0, 0, 0, 2000, 0),
(640, 'Acid Trance', 0, 0, 0, 0, 0, 0, 80, 0),
(641, 'Acidcore', 0, 0, 0, 0, 0, 0, 90, 0),
(642, 'Anthem Trance', 0, 0, 0, 0, 0, 0, 90, 0),
(643, 'Booty Trance', 0, 0, 0, 0, 0, 0, 90, 0),
(644, 'Break Trance', 0, 0, 0, 0, 0, 0, 90, 0),
(645, 'Buttrock Goa', 0, 0, 0, 0, 0, 0, 90, 0),
(646, 'Classic Trance', 0, 0, 0, 0, 0, 0, 80, 0),
(647, 'Dark Psytrance', 0, 0, 0, 0, 0, 0, 90, 0),
(648, 'Dark Trance', 0, 0, 0, 0, 0, 0, 90, 0),
(649, 'Death Trance', 0, 0, 0, 0, 0, 0, 90, 0),
(650, 'Deep Trance', 0, 0, 0, 0, 0, 0, 90, 0),
(651, 'Dream Trance', 0, 0, 0, 0, 0, 0, 90, 0),
(652, 'Epic Trance', 0, 0, 0, 0, 0, 0, 90, 0),
(653, 'Ethno Trance', 0, 0, 0, 0, 0, 0, 2000, 0),
(654, 'Eurotrance', 0, 0, 0, 0, 0, 0, 90, 0),
(655, 'Full on', 0, 0, 0, 0, 0, 0, 90, 0),
(656, 'Hands Up', 0, 0, 0, 0, 0, 0, 2000, 0),
(657, 'Hard Acid trance', 0, 0, 0, 0, 0, 0, 90, 0),
(658, 'Hard Trance', 0, 0, 0, 0, 0, 0, 90, 0),
(659, 'Hardstyle', 0, 0, 0, 0, 0, 0, 2000, 0),
(660, 'Ibiza Trance', 0, 0, 0, 0, 0, 0, 90, 0),
(661, 'Neo-trance', 0, 0, 0, 0, 0, 0, 2000, 0),
(662, 'Newstyle', 0, 0, 0, 0, 0, 0, 2000, 0),
(663, 'Orchestral Trance', 0, 0, 0, 0, 0, 0, 90, 0),
(664, 'Pizzicato Trance', 0, 0, 0, 0, 0, 0, 90, 0),
(665, 'Suomisaundi', 0, 0, 0, 0, 0, 0, 90, 0),
(666, 'Tech Trance', 0, 0, 0, 0, 0, 0, 90, 0),
(667, 'Trance Allemande', 0, 0, 0, 0, 0, 0, 80, 0),
(668, 'Trance Goa', 0, 0, 0, 0, 0, 0, 90, 0),
(669, 'Trance minimaliste', 0, 0, 0, 0, 0, 0, 90, 0),
(670, 'Trance néerlandaise', 0, 0, 0, 0, 0, 0, 2000, 0),
(671, 'Trance Progressive', 0, 0, 0, 0, 0, 0, 90, 0),
(672, 'Trance Psychédélique', 0, 0, 0, 0, 0, 0, 90, 0),
(673, 'Trance-Fusion', 0, 0, 0, 0, 0, 0, 90, 0),
(674, 'Trancecore', 0, 0, 0, 0, 0, 0, 90, 0),
(675, 'Tribal Trance', 0, 0, 0, 0, 0, 0, 90, 0),
(676, 'Uplifiting Trance', 0, 0, 0, 0, 0, 0, 90, 0),
(677, 'Vocal Trance', 0, 0, 0, 0, 0, 0, 90, 0),
(678, 'Black pop', 0, 0, 0, 0, 0, 0, 80, 0),
(679, 'Hip Hop Soul', 0, 0, 0, 0, 0, 0, 90, 0),
(680, 'New jack swing', 0, 0, 0, 0, 0, 0, 80, 0),
(681, 'Pop RNB', 0, 0, 0, 0, 0, 0, 90, 0),
(682, 'Quiet Storm', 0, 0, 0, 0, 0, 0, 70, 0),
(683, 'R''n''B/Hip Hop', 0, 0, 0, 0, 0, 0, 90, 0),
(684, 'Ragga-Zouk', 0, 0, 0, 0, 0, 0, 90, 0),
(685, 'Rap-Zouk', 0, 0, 0, 0, 0, 0, 90, 0),
(686, 'Spicy Zouk', 0, 0, 0, 0, 0, 0, 2010, 0),
(687, 'Zouk', 0, 0, 0, 0, 0, 0, 70, 0),
(688, 'Zouk Béton', 0, 0, 0, 0, 0, 0, 80, 0),
(689, 'Zouk Love', 0, 0, 0, 0, 0, 0, 80, 0),
(690, 'Zouk R''N''B', 0, 0, 0, 0, 0, 0, 2000, 0),
(691, 'Zouk-Compas', 0, 0, 0, 0, 0, 0, 2000, 0),
(692, 'New Prog', 0, 0, 0, 0, 0, 0, 90, 0),
(693, 'Néo-Prog', 0, 0, 0, 0, 0, 0, 80, 0),
(694, 'Post-Britpop', 0, 0, 0, 0, 0, 0, 90, 0),
(695, 'Pop Baroque', 0, 0, 0, 0, 0, 0, 60, 0),
(696, 'Pop-Rap', 0, 0, 0, 0, 0, 0, 90, 0),
(697, 'Martial Industriel', 0, 0, 0, 0, 0, 0, 2000, 0),
(698, 'Néofolk', 0, 0, 0, 0, 0, 0, 80, 0),
(699, 'Neue Deutsche Todeskunst', 0, 0, 0, 0, 0, 0, 80, 0),
(700, 'Worldbeat', 0, 0, 0, 0, 0, 0, 80, 0),
(701, 'Disco House', 0, 0, 0, 0, 0, 0, 90, 0),
(702, 'Power Ballad', 0, 0, 0, 0, 0, 0, 70, 0),
(703, 'Rock Ballad', 0, 0, 0, 0, 0, 0, 0, 0),
(704, 'Power Pop', 0, 0, 0, 0, 0, 0, 60, 0),
(705, 'Musique Alternative', 0, 0, 0, 0, 0, 0, 0, 0),
(706, 'Noise Pop', 0, 0, 0, 0, 0, 0, 80, 0),
(707, 'Mod Revival', 0, 0, 0, 0, 0, 0, 70, 0),
(708, 'Witch House', 0, 0, 0, 0, 0, 0, 2000, 0),
(709, 'Freak Folk', 0, 0, 0, 0, 0, 0, 60, 0),
(710, 'Folk Psychédélique', 0, 0, 0, 0, 0, 0, 60, 0),
(711, 'Chanson Française', 0, 0, 0, 0, 0, 0, 0, 0),
(712, 'Nouvelle scène française', 0, 0, 0, 0, 0, 0, 90, 0),
(713, 'Roots Rock', 0, 0, 0, 0, 0, 0, 60, 0),
(714, 'New Country', 0, 0, 0, 0, 0, 0, 90, 0),
(715, 'Blues Africain', 0, 0, 0, 0, 0, 0, 0, 0),
(716, 'Blues Touareg', 0, 0, 0, 0, 0, 0, 80, 0),
(717, 'Zaryco', 0, 0, 0, 0, 0, 0, 0, 0),
(718, 'Old-time Music', 0, 0, 0, 0, 0, 0, 19, 0),
(719, 'Highlife', 0, 0, 0, 0, 0, 0, 1900, 0),
(720, 'Folk', 0, 0, 0, 0, 0, 0, 1940, 0),
(721, 'Mento', 0, 0, 0, 0, 0, 0, 0, 0),
(722, 'Kayōkyoku', 0, 0, 0, 0, 0, 0, 1950, 0),
(723, 'Skiffle', 0, 0, 0, 0, 0, 0, 1920, 0),
(724, 'Ryūkōka', 0, 0, 0, 0, 0, 0, 1920, 0),
(725, 'Min''yō', 0, 0, 0, 0, 0, 0, 0, 0),
(726, 'Tradittional Pop', 0, 0, 0, 0, 0, 0, 1940, 0),
(727, 'Broadway Theatre', 0, 0, 0, 0, 0, 0, 0, 0),
(728, 'Off Broadway', 0, 0, 0, 0, 0, 0, 0, 0),
(729, 'Off-Off Broadway', 0, 0, 0, 0, 0, 0, 1950, 0),
(730, 'Rōkyoku', 0, 0, 0, 0, 0, 0, 0, 0),
(731, 'Enka', 0, 0, 0, 0, 0, 0, 1950, 0);

-- --------------------------------------------------------

--
-- Structure de la table `GenreRel`
--

CREATE TABLE IF NOT EXISTS `GenreRel` (
`id` int(11) NOT NULL,
  `genre_1_id` int(11) NOT NULL,
  `genre_2_id` int(11) NOT NULL,
  `rel_type_id` int(11) NOT NULL
) ENGINE=InnoDB AUTO_INCREMENT=738 DEFAULT CHARSET=utf8 COLLATE=utf8_unicode_ci;

--
-- Contenu de la table `GenreRel`
--

INSERT INTO `GenreRel` (`id`, `genre_1_id`, `genre_2_id`, `rel_type_id`) VALUES
(8, 2, 9, 1),
(9, 3, 9, 1),
(10, 4, 9, 1),
(11, 5, 394, 1),
(12, 6, 8, 1),
(13, 7, 4, 1),
(14, 8, 4, 1),
(15, 9, 4, 1),
(16, 10, 533, 1),
(17, 11, 68, 1),
(18, 12, 473, 1),
(19, 13, 10, 1),
(20, 14, 10, 1),
(21, 15, 10, 1),
(22, 16, 10, 1),
(23, 17, 13, 1),
(24, 18, 413, 1),
(25, 19, 380, 1),
(26, 20, 33, 1),
(27, 518, 394, 1),
(28, 22, 394, 1),
(29, 23, 10, 1),
(30, 24, 473, 1),
(31, 25, 533, 1),
(32, 26, 14, 1),
(33, 27, 533, 1),
(34, 28, 559, 1),
(35, 29, 559, 1),
(36, 30, 10, 1),
(37, 31, 672, 1),
(38, 32, 10, 1),
(39, 33, 553, 1),
(40, 34, 10, 1),
(41, 35, 553, 1),
(42, 36, 557, 1),
(43, 37, 39, 1),
(44, 38, 39, 1),
(45, 39, 39, 1),
(46, 40, 39, 1),
(47, 41, 39, 1),
(48, 42, 44, 1),
(49, 43, 39, 1),
(50, 44, 39, 1),
(51, 45, 44, 1),
(52, 46, 39, 1),
(53, 47, 269, 1),
(54, 48, 249, 1),
(55, 49, 39, 1),
(56, 50, 39, 1),
(57, 51, 39, 1),
(58, 52, 39, 1),
(59, 53, 52, 1),
(60, 54, 52, 1),
(61, 55, 249, 1),
(62, 56, 47, 1),
(63, 57, 49, 1),
(64, 58, 249, 1),
(65, 59, 252, 1),
(66, 60, 193, 1),
(67, 61, 62, 1),
(68, 62, 65, 1),
(69, 63, 193, 1),
(70, 64, 290, 1),
(71, 65, 60, 1),
(72, 66, 70, 1),
(73, 67, 175, 1),
(74, 68, 249, 1),
(75, 69, 63, 1),
(76, 70, 67, 1),
(77, 71, 70, 1),
(78, 72, 70, 1),
(79, 73, 63, 1),
(80, 74, 68, 1),
(81, 75, 76, 1),
(82, 76, 80, 1),
(83, 77, 80, 1),
(84, 78, 249, 1),
(85, 79, 78, 1),
(86, 80, 85, 1),
(87, 81, 78, 1),
(88, 82, 90, 1),
(89, 83, 583, 1),
(90, 84, 90, 1),
(91, 85, 90, 1),
(92, 86, 80, 1),
(93, 87, 40, 1),
(94, 88, 80, 1),
(95, 89, 80, 1),
(96, 90, 80, 1),
(97, 91, 80, 1),
(98, 92, 78, 1),
(99, 93, 78, 1),
(100, 94, 97, 1),
(101, 95, 720, 1),
(102, 96, 554, 1),
(103, 97, 80, 1),
(104, 98, 80, 1),
(105, 99, 77, 1),
(106, 272, 269, 1),
(107, 101, 116, 1),
(108, 102, 109, 1),
(109, 103, 109, 1),
(110, 104, 126, 1),
(111, 105, 126, 1),
(112, 106, 109, 1),
(113, 107, 116, 1),
(114, 108, 101, 1),
(115, 109, 200, 1),
(116, 110, 115, 1),
(117, 111, 219, 1),
(118, 112, 109, 1),
(119, 113, 403, 1),
(120, 114, 109, 1),
(121, 115, 123, 1),
(122, 116, 211, 1),
(123, 117, 211, 1),
(124, 118, 129, 1),
(125, 119, 394, 1),
(126, 120, 583, 1),
(127, 121, 120, 1),
(128, 122, 120, 1),
(129, 123, 120, 1),
(130, 124, 120, 1),
(131, 125, 119, 1),
(132, 126, 120, 1),
(133, 127, 120, 1),
(134, 128, 533, 1),
(135, 129, 128, 1),
(136, 130, 129, 1),
(137, 131, 129, 1),
(138, 132, 719, 1),
(139, 133, 139, 1),
(140, 134, 583, 1),
(141, 135, 139, 1),
(142, 136, 139, 1),
(143, 137, 139, 1),
(144, 138, 246, 1),
(145, 139, 583, 1),
(146, 140, 583, 1),
(147, 141, 202, 1),
(148, 142, 139, 1),
(149, 143, 139, 1),
(150, 144, 139, 1),
(151, 145, 139, 1),
(152, 146, 583, 1),
(153, 147, 150, 1),
(154, 148, 150, 1),
(155, 149, 151, 1),
(156, 150, 149, 1),
(157, 151, 149, 1),
(158, 152, 149, 1),
(159, 153, 149, 1),
(160, 154, 150, 1),
(161, 155, 150, 1),
(162, 156, 178, 1),
(163, 157, 178, 1),
(164, 158, 165, 1),
(165, 159, 165, 1),
(166, 160, 33, 1),
(167, 161, 80, 1),
(168, 162, 165, 1),
(169, 163, 683, 1),
(170, 164, 456, 1),
(171, 165, 80, 1),
(172, 166, 162, 1),
(173, 167, 184, 1),
(174, 168, 180, 1),
(175, 169, 175, 1),
(176, 170, 183, 1),
(177, 171, 165, 1),
(178, 172, 184, 1),
(179, 173, 249, 1),
(180, 174, 183, 1),
(181, 175, 158, 1),
(182, 176, 183, 1),
(183, 177, 183, 1),
(184, 178, 183, 1),
(185, 179, 183, 1),
(186, 180, 183, 1),
(187, 181, 183, 1),
(188, 182, 183, 1),
(189, 183, 120, 1),
(190, 184, 183, 1),
(191, 185, 162, 1),
(192, 186, 175, 1),
(193, 187, 175, 1),
(194, 188, 162, 1),
(195, 189, 183, 1),
(196, 190, 183, 1),
(197, 191, 183, 1),
(198, 192, 226, 1),
(199, 193, 212, 1),
(200, 194, 171, 1),
(201, 195, 650, 1),
(202, 196, 195, 1),
(203, 197, 195, 1),
(204, 198, 212, 1),
(205, 701, 206, 1),
(206, 200, 120, 1),
(207, 201, 111, 1),
(208, 202, 290, 1),
(209, 203, 193, 1),
(210, 204, 124, 1),
(211, 205, 205, 1),
(212, 206, 198, 1),
(213, 207, 212, 1),
(214, 208, 175, 1),
(215, 209, 175, 1),
(216, 210, 123, 1),
(217, 211, 212, 1),
(218, 212, 145, 1),
(219, 213, 604, 1),
(220, 214, 604, 1),
(221, 215, 212, 1),
(222, 216, 212, 1),
(223, 217, 207, 1),
(224, 218, 206, 1),
(225, 219, 212, 1),
(226, 220, 212, 1),
(227, 221, 225, 1),
(228, 222, 206, 1),
(229, 223, 206, 1),
(230, 224, 226, 1),
(231, 225, 213, 1),
(232, 226, 207, 1),
(233, 227, 643, 1),
(234, 228, 139, 1),
(235, 229, 247, 1),
(236, 230, 249, 1),
(237, 231, 260, 1),
(238, 232, 269, 1),
(239, 233, 269, 1),
(240, 234, 240, 1),
(241, 235, 249, 1),
(242, 236, 720, 1),
(243, 237, 249, 1),
(244, 238, 242, 1),
(245, 239, 249, 1),
(246, 240, 249, 1),
(247, 241, 55, 1),
(248, 242, 249, 1),
(249, 243, 249, 1),
(250, 244, 249, 1),
(251, 245, 249, 1),
(252, 246, 249, 1),
(253, 247, 139, 1),
(254, 248, 55, 1),
(255, 249, 55, 1),
(256, 250, 249, 1),
(257, 251, 249, 1),
(258, 252, 249, 1),
(259, 253, 269, 1),
(260, 254, 269, 1),
(261, 255, 249, 1),
(262, 256, 249, 1),
(263, 257, 249, 1),
(264, 258, 249, 1),
(265, 259, 242, 1),
(266, 260, 269, 1),
(267, 261, 231, 1),
(268, 262, 139, 1),
(269, 264, 246, 1),
(270, 264, 246, 1),
(271, 265, 302, 1),
(272, 266, 247, 1),
(273, 585, 583, 1),
(274, 268, 583, 1),
(275, 269, 249, 1),
(276, 270, 249, 1),
(277, 271, 266, 1),
(278, 272, 269, 1),
(279, 273, 10, 1),
(280, 274, 290, 1),
(281, 275, 139, 1),
(282, 276, 139, 1),
(283, 277, 297, 1),
(284, 278, 279, 1),
(285, 279, 583, 1),
(286, 280, 139, 1),
(287, 281, 226, 1),
(288, 282, 281, 1),
(289, 283, 279, 1),
(290, 284, 287, 1),
(291, 285, 276, 1),
(292, 286, 297, 1),
(293, 287, 16, 1),
(294, 288, 290, 1),
(295, 289, 279, 1),
(296, 290, 293, 1),
(297, 291, 290, 1),
(298, 292, 290, 1),
(299, 293, 486, 1),
(300, 294, 293, 1),
(301, 295, 279, 1),
(302, 296, 292, 1),
(303, 297, 276, 1),
(304, 298, 290, 1),
(305, 299, 290, 1),
(306, 300, 302, 1),
(307, 301, 303, 1),
(308, 302, 303, 1),
(309, 303, 302, 1),
(310, 304, 19, 1),
(311, 305, 19, 1),
(312, 306, 316, 1),
(313, 307, 306, 1),
(314, 308, 316, 1),
(315, 309, 325, 1),
(316, 310, 516, 1),
(317, 311, 452, 1),
(318, 312, 346, 1),
(319, 313, 346, 1),
(320, 314, 345, 1),
(321, 315, 314, 1),
(322, 316, 365, 1),
(323, 317, 316, 1),
(324, 318, 350, 1),
(325, 319, 341, 1),
(326, 320, 306, 1),
(327, 321, 316, 1),
(328, 322, 337, 1),
(329, 323, 322, 1),
(330, 324, 337, 1),
(331, 325, 337, 1),
(332, 326, 139, 1),
(333, 327, 337, 1),
(334, 328, 452, 1),
(335, 329, 311, 1),
(336, 330, 545, 1),
(337, 331, 348, 1),
(338, 332, 553, 1),
(339, 333, 332, 1),
(340, 334, 332, 1),
(341, 335, 332, 1),
(342, 336, 332, 1),
(343, 337, 332, 1),
(344, 338, 345, 1),
(345, 339, 346, 1),
(346, 340, 249, 1),
(347, 341, 535, 1),
(348, 342, 545, 1),
(349, 343, 321, 1),
(350, 344, 337, 1),
(351, 345, 392, 1),
(352, 346, 337, 1),
(353, 347, 337, 1),
(354, 348, 552, 1),
(355, 349, 358, 1),
(356, 350, 452, 1),
(357, 351, 342, 1),
(358, 352, 342, 1),
(359, 353, 337, 1),
(360, 354, 306, 1),
(361, 355, 316, 1),
(362, 356, 330, 1),
(363, 357, 542, 1),
(364, 358, 362, 1),
(365, 359, 342, 1),
(366, 360, 327, 1),
(367, 361, 452, 1),
(368, 362, 363, 1),
(369, 363, 337, 1),
(370, 364, 332, 1),
(371, 365, 363, 1),
(372, 366, 306, 1),
(373, 367, 306, 1),
(374, 368, 363, 1),
(375, 369, 374, 1),
(376, 370, 394, 1),
(377, 371, 382, 1),
(378, 372, 549, 1),
(379, 373, 372, 1),
(380, 374, 372, 1),
(381, 375, 372, 1),
(382, 376, 380, 1),
(383, 377, 382, 1),
(384, 378, 380, 1),
(385, 379, 380, 1),
(386, 380, 379, 1),
(387, 381, 380, 1),
(388, 382, 380, 1),
(389, 383, 634, 1),
(390, 384, 634, 1),
(391, 385, 380, 1),
(392, 386, 22, 1),
(393, 387, 22, 1),
(394, 388, 394, 1),
(395, 389, 453, 1),
(396, 390, 129, 1),
(397, 391, 120, 1),
(398, 392, 391, 1),
(399, 393, 525, 1),
(400, 394, 391, 1),
(401, 395, 391, 1),
(402, 396, 55, 1),
(403, 397, 55, 1),
(404, 398, 55, 1),
(405, 399, 269, 1),
(406, 400, 55, 1),
(407, 401, 443, 1),
(408, 531, 548, 1),
(409, 403, 541, 1),
(410, 722, 249, 1),
(411, 405, 249, 1),
(412, 407, 409, 1),
(413, 407, 515, 1),
(414, 409, 541, 1),
(415, 409, 541, 1),
(416, 695, 541, 1),
(417, 411, 541, 1),
(418, 412, 720, 1),
(419, 413, 710, 1),
(420, 704, 547, 1),
(421, 415, 547, 1),
(422, 416, 561, 1),
(423, 417, 57, 1),
(424, 418, 269, 1),
(425, 419, 269, 1),
(426, 420, 269, 1),
(427, 421, 577, 1),
(428, 422, 453, 1),
(429, 423, 720, 1),
(430, 424, 453, 1),
(431, 425, 80, 1),
(432, 426, 365, 1),
(433, 427, 522, 1),
(434, 428, 391, 1),
(435, 429, 453, 1),
(436, 430, 183, 1),
(437, 431, 443, 1),
(438, 432, 391, 1),
(439, 433, 445, 1),
(440, 434, 548, 1),
(441, 435, 547, 1),
(442, 436, 453, 1),
(443, 437, 384, 1),
(444, 438, 453, 1),
(445, 439, 452, 1),
(446, 440, 572, 1),
(447, 441, 247, 1),
(448, 442, 459, 1),
(449, 443, 453, 1),
(450, 444, 533, 1),
(451, 445, 452, 1),
(452, 446, 547, 1),
(453, 447, 557, 1),
(454, 448, 556, 1),
(455, 449, 453, 1),
(456, 450, 720, 1),
(457, 451, 547, 1),
(458, 452, 453, 1),
(459, 453, 446, 1),
(460, 454, 453, 1),
(461, 455, 453, 1),
(462, 456, 452, 1),
(463, 457, 501, 1),
(464, 458, 501, 1),
(465, 459, 453, 1),
(466, 460, 380, 1),
(467, 461, 380, 1),
(468, 462, 380, 1),
(469, 463, 461, 1),
(470, 464, 461, 1),
(471, 465, 461, 1),
(472, 466, 461, 1),
(473, 467, 461, 1),
(474, 468, 461, 1),
(475, 469, 461, 1),
(476, 470, 508, 1),
(477, 471, 55, 1),
(478, 472, 493, 1),
(479, 473, 10, 1),
(480, 474, 10, 1),
(481, 475, 473, 1),
(482, 476, 190, 1),
(483, 477, 473, 1),
(484, 478, 473, 1),
(485, 479, 249, 1),
(486, 480, 501, 1),
(487, 481, 559, 1),
(488, 482, 279, 1),
(489, 483, 493, 1),
(490, 484, 479, 1),
(491, 485, 486, 1),
(492, 486, 472, 1),
(493, 487, 472, 1),
(494, 488, 472, 1),
(495, 489, 472, 1),
(496, 490, 486, 1),
(497, 491, 479, 1),
(498, 492, 55, 1),
(499, 493, 501, 1),
(500, 494, 493, 1),
(501, 495, 501, 1),
(502, 496, 501, 1),
(503, 497, 490, 1),
(504, 498, 490, 1),
(505, 499, 490, 1),
(506, 500, 490, 1),
(507, 501, 55, 1),
(508, 502, 508, 1),
(509, 503, 249, 1),
(510, 504, 479, 1),
(511, 505, 486, 1),
(512, 506, 479, 1),
(513, 507, 473, 1),
(514, 508, 492, 1),
(515, 509, 553, 1),
(516, 510, 332, 1),
(517, 511, 553, 1),
(518, 512, 541, 1),
(519, 513, 556, 1),
(520, 514, 219, 1),
(521, 515, 55, 1),
(522, 516, 549, 1),
(523, 517, 556, 1),
(524, 518, 394, 1),
(525, 519, 556, 1),
(526, 520, 553, 1),
(527, 521, 515, 1),
(528, 522, 556, 1),
(529, 523, 139, 1),
(530, 524, 545, 1),
(531, 525, 556, 1),
(532, 526, 451, 1),
(533, 527, 171, 1),
(534, 528, 722, 1),
(535, 529, 80, 1),
(536, 530, 255, 1),
(537, 531, 548, 1),
(538, 532, 553, 1),
(539, 533, 249, 1),
(540, 534, 545, 1),
(541, 535, 552, 1),
(542, 536, 515, 1),
(543, 537, 246, 1),
(544, 538, 553, 1),
(545, 539, 545, 1),
(546, 540, 556, 1),
(547, 541, 556, 1),
(548, 542, 533, 1),
(549, 543, 556, 1),
(550, 544, 55, 1),
(551, 545, 391, 1),
(552, 546, 545, 1),
(553, 547, 550, 1),
(554, 548, 537, 1),
(555, 549, 332, 1),
(556, 550, 556, 1),
(557, 551, 332, 1),
(558, 552, 249, 1),
(559, 553, 249, 1),
(560, 554, 249, 1),
(561, 555, 553, 1),
(562, 556, 55, 1),
(563, 557, 40, 1),
(564, 558, 560, 1),
(565, 559, 519, 1),
(566, 560, 553, 1),
(567, 561, 80, 1),
(568, 562, 552, 1),
(569, 563, 545, 1),
(570, 564, 556, 1),
(571, 565, 564, 1),
(572, 566, 332, 1),
(573, 567, 583, 1),
(574, 568, 55, 1),
(575, 569, 515, 1),
(576, 570, 556, 1),
(577, 571, 572, 1),
(578, 572, 269, 1),
(579, 573, 55, 1),
(580, 574, 583, 1),
(581, 575, 587, 1),
(582, 576, 579, 1),
(583, 577, 523, 1),
(584, 578, 40, 1),
(585, 579, 55, 1),
(586, 580, 249, 1),
(587, 581, 139, 1),
(588, 582, 583, 1),
(589, 583, 55, 1),
(590, 584, 55, 1),
(591, 585, 55, 1),
(592, 586, 55, 1),
(593, 587, 556, 1),
(594, 588, 144, 1),
(595, 589, 472, 1),
(596, 590, 472, 1),
(597, 591, 472, 1),
(598, 592, 604, 1),
(599, 593, 604, 1),
(600, 594, 473, 1),
(601, 595, 604, 1),
(602, 596, 604, 1),
(603, 597, 604, 1),
(604, 598, 603, 1),
(605, 599, 372, 1),
(606, 600, 372, 1),
(607, 601, 372, 1),
(608, 602, 372, 1),
(609, 603, 595, 1),
(610, 604, 129, 1),
(611, 605, 129, 1),
(612, 606, 592, 1),
(613, 607, 610, 1),
(614, 608, 610, 1),
(615, 609, 604, 1),
(616, 610, 598, 1),
(617, 611, 592, 1),
(618, 612, 623, 1),
(619, 613, 63, 1),
(620, 614, 63, 1),
(621, 615, 629, 1),
(622, 616, 634, 1),
(623, 617, 631, 1),
(624, 618, 631, 1),
(625, 619, 620, 1),
(626, 620, 634, 1),
(627, 621, 63, 1),
(628, 622, 598, 1),
(629, 623, 620, 1),
(630, 624, 193, 1),
(631, 625, 620, 1),
(632, 626, 627, 1),
(633, 627, 615, 1),
(634, 628, 629, 1),
(635, 629, 634, 1),
(636, 630, 279, 1),
(637, 631, 635, 1),
(638, 632, 631, 1),
(639, 633, 631, 1),
(640, 634, 599, 1),
(641, 635, 620, 1),
(642, 636, 634, 1),
(643, 637, 620, 1),
(644, 638, 620, 1),
(645, 639, 620, 1),
(646, 640, 193, 1),
(647, 641, 621, 1),
(648, 642, 646, 1),
(649, 643, 646, 1),
(650, 644, 646, 1),
(651, 645, 672, 1),
(652, 646, 672, 1),
(653, 647, 668, 1),
(654, 648, 668, 1),
(655, 649, 672, 1),
(656, 650, 672, 1),
(657, 651, 672, 1),
(658, 652, 108, 1),
(659, 653, 668, 1),
(660, 654, 109, 1),
(661, 655, 672, 1),
(662, 656, 642, 1),
(663, 657, 667, 1),
(664, 658, 657, 1),
(665, 659, 628, 1),
(666, 660, 646, 1),
(667, 661, 646, 1),
(668, 662, 659, 1),
(669, 663, 646, 1),
(670, 664, 646, 1),
(671, 665, 672, 1),
(672, 666, 672, 1),
(673, 667, 646, 1),
(674, 668, 640, 1),
(675, 669, 672, 1),
(676, 670, 671, 1),
(677, 671, 646, 1),
(678, 672, 668, 1),
(679, 673, 202, 1),
(680, 674, 621, 1),
(681, 675, 621, 1),
(682, 676, 646, 1),
(683, 677, 228, 1),
(684, 678, 139, 1),
(685, 679, 577, 1),
(686, 680, 583, 1),
(687, 681, 683, 1),
(688, 682, 583, 1),
(689, 683, 583, 1),
(690, 684, 472, 1),
(691, 685, 687, 1),
(692, 686, 687, 1),
(693, 687, 687, 1),
(694, 688, 687, 1),
(695, 689, 687, 1),
(696, 690, 689, 1),
(697, 691, 687, 1),
(698, 692, 545, 1),
(699, 693, 332, 1),
(700, 694, 704, 1),
(701, 695, 704, 1),
(702, 696, 704, 1),
(703, 697, 381, 1),
(704, 698, 519, 1),
(705, 699, 387, 1),
(706, 700, 387, 1),
(707, 701, 120, 1),
(708, 702, 703, 1),
(709, 703, 703, 1),
(710, 704, 547, 1),
(711, 705, 547, 1),
(712, 706, 541, 1),
(713, 707, 515, 1),
(714, 708, 19, 1),
(715, 709, 710, 1),
(716, 710, 553, 1),
(717, 711, 553, 1),
(718, 712, 711, 1),
(719, 713, 720, 1),
(720, 714, 545, 1),
(721, 715, 545, 1),
(722, 716, 545, 1),
(723, 717, 545, 1),
(724, 718, 545, 1),
(725, 719, 545, 1),
(726, 720, 556, 1),
(727, 721, 556, 1),
(728, 722, 724, 1),
(729, 723, 720, 1),
(730, 724, 249, 1),
(731, 725, 249, 1),
(732, 726, 727, 1),
(733, 727, 727, 1),
(734, 728, 727, 1),
(735, 729, 727, 1),
(736, 730, 727, 1),
(737, 731, 725, 1);

-- --------------------------------------------------------

--
-- Structure de la table `GenreRelType`
--

CREATE TABLE IF NOT EXISTS `GenreRelType` (
`id` int(11) NOT NULL,
  `rel_type` varchar(255) COLLATE utf8_unicode_ci NOT NULL
) ENGINE=InnoDB AUTO_INCREMENT=3 DEFAULT CHARSET=utf8 COLLATE=utf8_unicode_ci;

--
-- Contenu de la table `GenreRelType`
--

INSERT INTO `GenreRelType` (`id`, `rel_type`) VALUES
(1, 'parent'),
(2, 'synonym');

-- --------------------------------------------------------

--
-- Structure de la table `Meta`
--

CREATE TABLE IF NOT EXISTS `Meta` (
`id` int(11) NOT NULL,
  `name` varchar(255) COLLATE utf8_unicode_ci NOT NULL
) ENGINE=InnoDB AUTO_INCREMENT=40 DEFAULT CHARSET=utf8 COLLATE=utf8_unicode_ci;

--
-- Contenu de la table `Meta`
--

INSERT INTO `Meta` (`id`, `name`) VALUES
(2, '8 Bits'),
(3, 'Ambient'),
(4, 'Blues'),
(5, 'Breakbeat'),
(6, 'Country'),
(7, 'Dance'),
(8, 'Disco'),
(9, 'Electro'),
(10, 'Funk'),
(11, 'Gospel'),
(12, 'Hip Hop'),
(13, 'Hip hop'),
(14, 'House'),
(15, 'Jazz'),
(16, 'Jungle & Drum'),
(17, 'Lounge'),
(18, 'Metal'),
(19, 'Musique Industrielle'),
(20, 'New Wave'),
(21, 'Pop'),
(22, 'Chanson'),
(23, 'Punk'),
(24, 'Ragtime'),
(25, 'Reggae, Ska, Dub'),
(26, 'Rock'),
(27, 'Soul'),
(28, 'Techno'),
(29, 'Techno Hardcore'),
(30, 'Trance'),
(31, 'Urban'),
(32, 'Zouk'),
(33, 'Folk'),
(34, 'Expérimental'),
(35, 'Musique Traditionelle'),
(36, 'Musique Africaine'),
(37, 'Musique Latino-Amérique'),
(38, 'Musique Japonaise'),
(39, 'Comédie Musicale');

-- --------------------------------------------------------

--
-- Structure de la table `MetaGenreRelation`
--

CREATE TABLE IF NOT EXISTS `MetaGenreRelation` (
`id` int(11) NOT NULL,
  `meta_id` int(11) DEFAULT NULL,
  `genre_id` int(11) DEFAULT NULL
) ENGINE=InnoDB AUTO_INCREMENT=731 DEFAULT CHARSET=utf8 COLLATE=utf8_unicode_ci;

--
-- Contenu de la table `MetaGenreRelation`
--

INSERT INTO `MetaGenreRelation` (`id`, `meta_id`, `genre_id`) VALUES
(1, 2, 2),
(2, 2, 3),
(3, 2, 4),
(4, 2, 5),
(5, 2, 6),
(6, 2, 7),
(7, 2, 8),
(8, 2, 9),
(9, 3, 10),
(10, 3, 11),
(11, 3, 12),
(12, 3, 13),
(13, 3, 14),
(14, 3, 15),
(15, 3, 16),
(16, 3, 17),
(17, 3, 18),
(18, 3, 19),
(19, 3, 20),
(20, 3, 518),
(21, 3, 22),
(22, 3, 23),
(23, 3, 24),
(24, 3, 25),
(25, 3, 26),
(26, 3, 27),
(27, 3, 28),
(28, 3, 29),
(29, 3, 30),
(30, 3, 31),
(31, 3, 32),
(32, 3, 33),
(33, 3, 34),
(34, 4, 35),
(35, 4, 36),
(36, 4, 37),
(37, 4, 38),
(38, 4, 39),
(39, 4, 40),
(40, 4, 41),
(41, 4, 42),
(42, 4, 43),
(43, 4, 44),
(44, 4, 45),
(45, 4, 46),
(46, 4, 47),
(47, 4, 48),
(48, 4, 49),
(49, 4, 50),
(50, 4, 51),
(51, 4, 52),
(52, 4, 53),
(53, 4, 54),
(54, 4, 55),
(55, 4, 56),
(56, 4, 57),
(57, 4, 58),
(58, 4, 59),
(59, 5, 60),
(60, 5, 61),
(61, 5, 62),
(62, 5, 63),
(63, 5, 64),
(64, 5, 65),
(65, 5, 66),
(66, 5, 67),
(67, 5, 68),
(68, 5, 69),
(69, 5, 70),
(70, 5, 71),
(71, 5, 72),
(72, 5, 73),
(73, 5, 74),
(74, 6, 75),
(75, 6, 76),
(76, 6, 77),
(77, 6, 78),
(78, 6, 79),
(79, 6, 80),
(80, 6, 81),
(81, 6, 82),
(82, 6, 83),
(83, 6, 84),
(84, 6, 85),
(85, 6, 86),
(86, 6, 87),
(87, 6, 88),
(88, 6, 89),
(89, 6, 90),
(90, 6, 91),
(91, 6, 92),
(92, 6, 93),
(93, 6, 94),
(94, 6, 95),
(95, 6, 96),
(96, 6, 97),
(97, 6, 98),
(98, 6, 99),
(99, 6, 272),
(100, 7, 101),
(101, 7, 102),
(102, 7, 103),
(103, 7, 104),
(104, 7, 105),
(105, 7, 106),
(106, 7, 107),
(107, 7, 108),
(108, 7, 109),
(109, 7, 110),
(110, 7, 111),
(111, 7, 112),
(112, 7, 113),
(113, 7, 114),
(114, 7, 115),
(115, 7, 116),
(116, 7, 117),
(117, 8, 118),
(118, 8, 119),
(119, 8, 120),
(120, 8, 121),
(121, 8, 122),
(122, 8, 123),
(123, 8, 124),
(124, 8, 125),
(125, 8, 126),
(126, 8, 127),
(127, 9, 128),
(128, 9, 129),
(129, 9, 130),
(130, 9, 131),
(131, 10, 132),
(132, 10, 133),
(133, 10, 134),
(134, 10, 135),
(135, 10, 136),
(136, 10, 137),
(137, 10, 138),
(138, 10, 139),
(139, 10, 140),
(140, 10, 141),
(141, 10, 142),
(142, 10, 143),
(143, 10, 144),
(144, 10, 145),
(145, 10, 146),
(146, 11, 147),
(147, 11, 148),
(148, 11, 149),
(149, 11, 150),
(150, 11, 151),
(151, 11, 152),
(152, 11, 153),
(153, 11, 154),
(154, 12, 155),
(155, 12, 156),
(156, 12, 157),
(157, 12, 158),
(158, 12, 159),
(159, 13, 160),
(160, 12, 161),
(161, 12, 162),
(162, 12, 163),
(163, 12, 164),
(164, 12, 165),
(165, 12, 166),
(166, 12, 167),
(167, 12, 168),
(168, 12, 169),
(169, 12, 170),
(170, 12, 171),
(171, 12, 172),
(172, 12, 173),
(173, 12, 174),
(174, 12, 175),
(175, 12, 176),
(176, 12, 177),
(177, 12, 178),
(178, 12, 179),
(179, 12, 180),
(180, 12, 181),
(181, 12, 182),
(182, 12, 183),
(183, 12, 184),
(184, 12, 185),
(185, 12, 186),
(186, 12, 187),
(187, 12, 188),
(188, 12, 189),
(189, 12, 190),
(190, 12, 191),
(191, 14, 192),
(192, 14, 193),
(193, 14, 194),
(194, 14, 195),
(195, 14, 196),
(196, 14, 197),
(197, 14, 198),
(198, 14, 701),
(199, 14, 200),
(200, 14, 201),
(201, 14, 202),
(202, 14, 203),
(203, 14, 204),
(204, 14, 205),
(205, 14, 206),
(206, 14, 207),
(207, 14, 208),
(208, 14, 209),
(209, 14, 210),
(210, 14, 211),
(211, 14, 212),
(212, 14, 213),
(213, 14, 214),
(214, 14, 215),
(215, 14, 216),
(216, 14, 217),
(217, 14, 218),
(218, 14, 219),
(219, 14, 220),
(220, 14, 221),
(221, 14, 222),
(222, 14, 223),
(223, 14, 224),
(224, 14, 225),
(225, 14, 226),
(226, 14, 227),
(227, 14, 228),
(228, 15, 229),
(229, 15, 230),
(230, 15, 231),
(231, 15, 232),
(232, 15, 233),
(233, 15, 234),
(234, 15, 235),
(235, 15, 236),
(236, 15, 237),
(237, 15, 238),
(238, 15, 239),
(239, 15, 240),
(240, 15, 241),
(241, 15, 242),
(242, 15, 243),
(243, 15, 244),
(244, 15, 245),
(245, 15, 246),
(246, 15, 247),
(247, 15, 248),
(248, 15, 249),
(249, 15, 250),
(250, 15, 251),
(251, 15, 252),
(252, 15, 253),
(253, 15, 254),
(254, 15, 255),
(255, 15, 256),
(256, 15, 257),
(257, 15, 258),
(258, 15, 259),
(259, 15, 260),
(260, 15, 261),
(261, 15, 262),
(262, 15, 264),
(263, 15, 264),
(264, 15, 265),
(265, 15, 266),
(266, 15, 585),
(267, 15, 268),
(268, 15, 269),
(269, 15, 270),
(270, 15, 271),
(271, 15, 272),
(272, 16, 273),
(273, 16, 274),
(274, 16, 275),
(275, 16, 276),
(276, 16, 277),
(277, 16, 278),
(278, 16, 279),
(279, 16, 280),
(280, 16, 281),
(281, 16, 282),
(282, 16, 283),
(283, 16, 284),
(284, 16, 285),
(285, 16, 286),
(286, 16, 287),
(287, 16, 288),
(288, 16, 289),
(289, 16, 290),
(290, 16, 291),
(291, 16, 292),
(292, 16, 293),
(293, 16, 294),
(294, 16, 295),
(295, 16, 296),
(296, 16, 297),
(297, 16, 298),
(298, 17, 299),
(299, 17, 300),
(300, 17, 301),
(301, 17, 302),
(302, 17, 303),
(303, 18, 304),
(304, 18, 305),
(305, 18, 306),
(306, 18, 307),
(307, 18, 308),
(308, 18, 309),
(309, 18, 310),
(310, 18, 311),
(311, 18, 312),
(312, 18, 313),
(313, 18, 314),
(314, 18, 315),
(315, 18, 316),
(316, 18, 317),
(317, 18, 318),
(318, 18, 319),
(319, 18, 320),
(320, 18, 321),
(321, 18, 322),
(322, 18, 323),
(323, 18, 324),
(324, 18, 325),
(325, 18, 326),
(326, 18, 327),
(327, 18, 328),
(328, 18, 329),
(329, 18, 330),
(330, 18, 331),
(331, 18, 332),
(332, 18, 333),
(333, 18, 334),
(334, 18, 335),
(335, 18, 336),
(336, 18, 337),
(337, 18, 338),
(338, 18, 339),
(339, 18, 340),
(340, 18, 341),
(341, 18, 342),
(342, 18, 343),
(343, 18, 344),
(344, 18, 345),
(345, 18, 346),
(346, 18, 347),
(347, 18, 348),
(348, 18, 349),
(349, 18, 350),
(350, 18, 351),
(351, 18, 352),
(352, 18, 353),
(353, 18, 354),
(354, 18, 355),
(355, 18, 356),
(356, 18, 357),
(357, 18, 358),
(358, 18, 359),
(359, 18, 360),
(360, 18, 361),
(361, 18, 362),
(362, 18, 363),
(363, 18, 364),
(364, 18, 365),
(365, 18, 366),
(366, 18, 367),
(367, 18, 368),
(368, 19, 369),
(369, 19, 370),
(370, 19, 371),
(371, 19, 372),
(372, 19, 373),
(373, 19, 374),
(374, 19, 375),
(375, 19, 376),
(376, 19, 377),
(377, 19, 378),
(378, 19, 379),
(379, 19, 380),
(380, 19, 381),
(381, 19, 382),
(382, 19, 383),
(383, 20, 384),
(384, 20, 385),
(385, 20, 386),
(386, 20, 387),
(387, 20, 388),
(388, 20, 389),
(389, 20, 390),
(390, 20, 391),
(391, 20, 392),
(392, 20, 393),
(393, 20, 394),
(394, 21, 395),
(395, 21, 396),
(396, 21, 397),
(397, 21, 398),
(398, 21, 399),
(399, 21, 400),
(400, 21, 401),
(401, 21, 531),
(402, 21, 403),
(403, 21, 722),
(404, 21, 405),
(405, 21, 407),
(406, 21, 407),
(407, 21, 409),
(408, 21, 409),
(409, 21, 695),
(410, 21, 411),
(411, 21, 412),
(412, 21, 413),
(413, 21, 704),
(414, 21, 415),
(415, 21, 416),
(416, 21, 417),
(417, 21, 418),
(418, 21, 419),
(419, 22, 420),
(420, 21, 421),
(421, 23, 422),
(422, 23, 423),
(423, 23, 424),
(424, 23, 425),
(425, 23, 426),
(426, 23, 427),
(427, 23, 428),
(428, 23, 429),
(429, 23, 430),
(430, 23, 431),
(431, 23, 432),
(432, 23, 433),
(433, 23, 434),
(434, 23, 435),
(435, 23, 436),
(436, 23, 437),
(437, 23, 438),
(438, 23, 439),
(439, 23, 440),
(440, 23, 441),
(441, 23, 442),
(442, 23, 443),
(443, 23, 444),
(444, 23, 445),
(445, 23, 446),
(446, 23, 447),
(447, 23, 448),
(448, 23, 449),
(449, 23, 450),
(450, 23, 451),
(451, 23, 452),
(452, 23, 453),
(453, 23, 454),
(454, 23, 455),
(455, 23, 456),
(456, 23, 457),
(457, 23, 458),
(458, 23, 459),
(459, 23, 460),
(460, 24, 461),
(461, 24, 462),
(462, 24, 463),
(463, 24, 464),
(464, 24, 465),
(465, 24, 466),
(466, 24, 467),
(467, 24, 468),
(468, 24, 469),
(469, 25, 470),
(470, 25, 471),
(471, 25, 472),
(472, 25, 473),
(473, 25, 474),
(474, 25, 475),
(475, 25, 476),
(476, 25, 477),
(477, 25, 478),
(478, 25, 479),
(479, 25, 480),
(480, 25, 481),
(481, 25, 482),
(482, 25, 483),
(483, 25, 484),
(484, 25, 485),
(485, 25, 486),
(486, 25, 487),
(487, 25, 488),
(488, 25, 489),
(489, 25, 490),
(490, 25, 491),
(491, 25, 492),
(492, 25, 493),
(493, 25, 494),
(494, 25, 495),
(495, 25, 496),
(496, 25, 497),
(497, 25, 498),
(498, 25, 499),
(499, 25, 500),
(500, 25, 501),
(501, 25, 502),
(502, 25, 503),
(503, 25, 504),
(504, 25, 505),
(505, 25, 506),
(506, 25, 507),
(507, 25, 508),
(508, 26, 509),
(509, 26, 510),
(510, 26, 511),
(511, 26, 512),
(512, 26, 513),
(513, 26, 514),
(514, 26, 515),
(515, 26, 516),
(516, 26, 517),
(517, 26, 518),
(518, 26, 519),
(519, 26, 520),
(520, 26, 521),
(521, 26, 522),
(522, 26, 523),
(523, 26, 524),
(524, 26, 525),
(525, 26, 526),
(526, 26, 527),
(527, 26, 528),
(528, 26, 529),
(529, 26, 530),
(530, 26, 531),
(531, 26, 532),
(532, 26, 533),
(533, 26, 534),
(534, 26, 535),
(535, 26, 536),
(536, 26, 537),
(537, 26, 538),
(538, 26, 539),
(539, 26, 540),
(540, 26, 541),
(541, 26, 542),
(542, 26, 543),
(543, 26, 544),
(544, 26, 545),
(545, 26, 546),
(546, 26, 547),
(547, 26, 548),
(548, 26, 549),
(549, 26, 550),
(550, 26, 551),
(551, 26, 552),
(552, 26, 553),
(553, 26, 554),
(554, 26, 555),
(555, 26, 556),
(556, 26, 557),
(557, 26, 558),
(558, 26, 559),
(559, 26, 560),
(560, 26, 561),
(561, 26, 562),
(562, 26, 563),
(563, 26, 564),
(564, 26, 565),
(565, 26, 566),
(566, 27, 567),
(567, 27, 568),
(568, 27, 569),
(569, 27, 570),
(570, 27, 571),
(571, 27, 572),
(572, 27, 573),
(573, 27, 574),
(574, 27, 575),
(575, 27, 576),
(576, 27, 577),
(577, 27, 578),
(578, 27, 579),
(579, 27, 580),
(580, 27, 581),
(581, 27, 582),
(582, 27, 583),
(583, 27, 584),
(584, 27, 585),
(585, 27, 586),
(586, 27, 587),
(587, 27, 588),
(588, 27, 589),
(589, 28, 590),
(590, 28, 591),
(591, 28, 592),
(592, 28, 593),
(593, 28, 594),
(594, 28, 595),
(595, 28, 596),
(596, 28, 597),
(597, 28, 598),
(598, 28, 599),
(599, 28, 600),
(600, 28, 601),
(601, 28, 602),
(602, 28, 603),
(603, 28, 604),
(604, 28, 605),
(605, 28, 606),
(606, 28, 607),
(607, 28, 608),
(608, 28, 609),
(609, 28, 610),
(610, 28, 611),
(611, 28, 612),
(612, 28, 613),
(613, 28, 614),
(614, 29, 615),
(615, 29, 616),
(616, 29, 617),
(617, 29, 618),
(618, 29, 619),
(619, 29, 620),
(620, 29, 621),
(621, 29, 622),
(622, 29, 623),
(623, 29, 624),
(624, 29, 625),
(625, 29, 626),
(626, 29, 627),
(627, 29, 628),
(628, 29, 629),
(629, 29, 630),
(630, 29, 631),
(631, 29, 632),
(632, 29, 633),
(633, 29, 634),
(634, 29, 635),
(635, 29, 636),
(636, 29, 637),
(637, 30, 638),
(638, 30, 639),
(639, 30, 640),
(640, 30, 641),
(641, 30, 642),
(642, 30, 643),
(643, 30, 644),
(644, 30, 645),
(645, 30, 646),
(646, 30, 647),
(647, 30, 648),
(648, 30, 649),
(649, 30, 650),
(650, 30, 651),
(651, 30, 652),
(652, 30, 653),
(653, 30, 654),
(654, 30, 655),
(655, 30, 656),
(656, 30, 657),
(657, 30, 658),
(658, 30, 659),
(659, 30, 660),
(660, 30, 661),
(661, 30, 662),
(662, 30, 663),
(663, 30, 664),
(664, 30, 665),
(665, 30, 666),
(666, 30, 667),
(667, 30, 668),
(668, 30, 669),
(669, 30, 670),
(670, 30, 671),
(671, 30, 672),
(672, 30, 673),
(673, 30, 674),
(674, 30, 675),
(675, 30, 676),
(676, 30, 677),
(677, 31, 678),
(678, 31, 679),
(679, 31, 680),
(680, 31, 681),
(681, 31, 682),
(682, 31, 683),
(683, 32, 684),
(684, 32, 685),
(685, 32, 686),
(686, 32, 687),
(687, 32, 688),
(688, 32, 689),
(689, 32, 690),
(690, 32, 691),
(691, 26, 692),
(692, 26, 693),
(693, 26, 694),
(694, 21, 695),
(695, 12, 696),
(696, 19, 697),
(697, 33, 698),
(698, 20, 699),
(699, 21, 700),
(700, 14, 701),
(701, 18, 702),
(702, 26, 703),
(703, 21, 704),
(704, 34, 705),
(705, 26, 706),
(706, 26, 707),
(707, 14, 708),
(708, 33, 709),
(709, 33, 710),
(710, 22, 711),
(711, 22, 712),
(712, 26, 713),
(713, 6, 714),
(714, 4, 715),
(715, 4, 716),
(716, 35, 717),
(717, 33, 718),
(718, 36, 719),
(719, 33, 720),
(720, 37, 721),
(721, 21, 722),
(722, 15, 723),
(723, 38, 724),
(724, 38, 725),
(725, 21, 726),
(726, 39, 727),
(727, 39, 728),
(728, 39, 729),
(729, 38, 730),
(730, 38, 731);

--
-- Index pour les tables exportées
--

--
-- Index pour la table `Genre`
--
ALTER TABLE `Genre`
 ADD PRIMARY KEY (`id`);

--
-- Index pour la table `GenreRel`
--
ALTER TABLE `GenreRel`
 ADD PRIMARY KEY (`id`);

--
-- Index pour la table `GenreRelType`
--
ALTER TABLE `GenreRelType`
 ADD PRIMARY KEY (`id`);

--
-- Index pour la table `Meta`
--
ALTER TABLE `Meta`
 ADD PRIMARY KEY (`id`);

--
-- Index pour la table `MetaGenreRelation`
--
ALTER TABLE `MetaGenreRelation`
 ADD PRIMARY KEY (`id`), ADD KEY `IDX_30C5ECB739FCA6F9` (`meta_id`), ADD KEY `IDX_30C5ECB74296D31F` (`genre_id`);

--
-- AUTO_INCREMENT pour les tables exportées
--

--
-- AUTO_INCREMENT pour la table `Genre`
--
ALTER TABLE `Genre`
MODIFY `id` int(11) NOT NULL AUTO_INCREMENT,AUTO_INCREMENT=732;
--
-- AUTO_INCREMENT pour la table `GenreRel`
--
ALTER TABLE `GenreRel`
MODIFY `id` int(11) NOT NULL AUTO_INCREMENT,AUTO_INCREMENT=738;
--
-- AUTO_INCREMENT pour la table `GenreRelType`
--
ALTER TABLE `GenreRelType`
MODIFY `id` int(11) NOT NULL AUTO_INCREMENT,AUTO_INCREMENT=3;
--
-- AUTO_INCREMENT pour la table `Meta`
--
ALTER TABLE `Meta`
MODIFY `id` int(11) NOT NULL AUTO_INCREMENT,AUTO_INCREMENT=40;
--
-- AUTO_INCREMENT pour la table `MetaGenreRelation`
--
ALTER TABLE `MetaGenreRelation`
MODIFY `id` int(11) NOT NULL AUTO_INCREMENT,AUTO_INCREMENT=731;
--
-- Contraintes pour les tables exportées
--

--
-- Contraintes pour la table `MetaGenreRelation`
--
ALTER TABLE `MetaGenreRelation`
ADD CONSTRAINT `FK_30C5ECB739FCA6F9` FOREIGN KEY (`meta_id`) REFERENCES `Meta` (`id`),
ADD CONSTRAINT `FK_30C5ECB74296D31F` FOREIGN KEY (`genre_id`) REFERENCES `Genre` (`id`);

/*!40101 SET CHARACTER_SET_CLIENT=@OLD_CHARACTER_SET_CLIENT */;
/*!40101 SET CHARACTER_SET_RESULTS=@OLD_CHARACTER_SET_RESULTS */;
/*!40101 SET COLLATION_CONNECTION=@OLD_COLLATION_CONNECTION */;
